customer_id,tenure_months,monthly_charges,total_charges,contract_type,internet_service,tech_support,num_support_tickets,customer_satisfaction,payment_method,churn
1,67.0,37.355353341459,,Month-to-Month,DSL,Yes,2.0,4.0,Credit Card,0
2,18.0,47.92927530694908,862.7269555250834,Month-to-Month,Fiber,No,2.0,5.0,Mailed Check,0
3,58.0,61.34774915342014,3558.1694508983683,Month-to-Month,No,Yes,2.0,4.0,Mailed Check,1
4,48.0,72.73507891103156,,Month-to-Month,No,No,2.0,5.0,Mailed Check,0
5,33.0,50.685406690689,1672.618420792737,One Year,DSL,No,1.0,5.0,Electronic Check,0
6,47.0,88.6204828098779,4165.162692064261,One Year,Fiber,No,3.0,3.0,Bank Transfer,1
7,26.0,76.28660460108986,1983.4517196283364,One Year,DSL,No,1.0,4.0,Electronic Check,1
8,37.0,52.63004462236243,,Month-to-Month,DSL,,3.0,5.0,Bank Transfer,0
9,69.0,92.22482293987139,,Two Year,Fiber,No,2.0,4.0,Mailed Check,0
10,50.0,99.02670894116208,4951.335447058104,One Year,Fiber,No,2.0,4.0,Mailed Check,0
11,56.0,67.53288257976216,3781.841424466681,Two Year,Fiber,Yes,2.0,4.0,Credit Card,1
12,68.0,64.62542387590273,4394.528823561385,Two Year,No,No,3.0,4.0,Bank Transfer,0
13,3.0,25.655716168591205,76.96714850577362,One Year,DSL,No,3.0,5.0,Electronic Check,0
14,40.0,59.81218519021328,,Two Year,Fiber,No,5.0,5.0,Mailed Check,0
15,67.0,,,Two Year,No,Yes,3.0,4.0,Mailed Check,1
16,48.0,76.1344851814923,3654.45528871163,Month-to-Month,DSL,No,1.0,4.0,Mailed Check,0
17,62.0,65.78933920923818,4078.939030972767,One Year,Fiber,No,1.0,,Mailed Check,0
18,49.0,76.10067345351237,3728.932999222106,Two Year,No,No,,5.0,Bank Transfer,0
19,8.0,108.35225723259661,866.8180578607729,Month-to-Month,Fiber,Yes,2.0,5.0,Electronic Check,0
20,53.0,56.752147534158084,3007.8638193103784,One Year,No,Yes,5.0,3.0,Electronic Check,0
21,28.0,57.72569293585383,1616.3194022039072,Month-to-Month,DSL,No,0.0,,Mailed Check,0
22,35.0,37.270867142435456,,Two Year,Fiber,No,3.0,2.0,Credit Card,0
23,41.0,69.78348833146036,2861.123021589875,One Year,DSL,No,0.0,,Credit Card,0
24,4.0,,,Month-to-Month,Fiber,Yes,0.0,3.0,Mailed Check,1
25,70.0,26.223241270190762,1835.6268889133532,Month-to-Month,Fiber,No,2.0,,Mailed Check,1
26,65.0,53.35357582451531,3467.982428593495,Two Year,Fiber,No,0.0,,Electronic Check,1
27,35.0,70.89851256259796,2481.4479396909287,Month-to-Month,Fiber,No,2.0,4.0,Mailed Check,0
28,59.0,91.25257208811092,5383.901753198545,Two Year,No,No,4.0,4.0,Mailed Check,0
29,11.0,79.57175597567164,875.289315732388,Month-to-Month,No,No,3.0,4.0,Mailed Check,0
30,23.0,78.13659070455327,1797.1415862047252,Two Year,Fiber,No,3.0,4.0,Mailed Check,0
31,19.0,64.39218035072747,1223.451426663822,Month-to-Month,DSL,No,2.0,4.0,Bank Transfer,0
32,16.0,82.04685642546788,1312.749702807486,Two Year,DSL,No,,1.0,Mailed Check,0
33,28.0,95.35759708833652,,One Year,No,No,2.0,5.0,Electronic Check,1
34,31.0,27.27520558626992,845.5313731743674,Two Year,DSL,No,2.0,5.0,Credit Card,1
35,53.0,88.21338502087835,4675.309406106552,Month-to-Month,No,No,0.0,5.0,Mailed Check,0
36,71.0,,,One Year,DSL,No,0.0,4.0,Bank Transfer,1
37,27.0,56.75027839463714,1532.2575166552028,Month-to-Month,No,Yes,3.0,4.0,Mailed Check,0
38,7.0,,,Month-to-Month,DSL,No,0.0,4.0,Bank Transfer,1
39,15.0,,,Month-to-Month,No,No,2.0,,Electronic Check,0
40,,112.45147480618127,6184.83111433997,Month-to-Month,Fiber,Yes,7.0,5.0,Bank Transfer,1
41,2.0,52.78628668841114,105.57257337682228,Month-to-Month,Fiber,Yes,3.0,4.0,Electronic Check,0
42,,42.88078071867295,1886.7543516216099,Month-to-Month,No,Yes,,,Electronic Check,1
43,59.0,58.58935109641019,,Month-to-Month,No,No,4.0,4.0,Electronic Check,1
44,56.0,51.371319453535165,2876.793889397969,Month-to-Month,Fiber,Yes,1.0,2.0,Bank Transfer,0
45,26.0,73.10896581547289,1900.833111202295,One Year,Fiber,No,1.0,4.0,Credit Card,0
46,51.0,107.92434195616528,5504.141439764429,Month-to-Month,Fiber,No,5.0,,Credit Card,0
47,57.0,55.33460122869466,3154.0722700355955,Month-to-Month,DSL,No,,4.0,Bank Transfer,1
48,50.0,73.85725126379678,3692.862563189839,Month-to-Month,Fiber,No,1.0,4.0,Bank Transfer,0
49,13.0,41.31907146899412,537.1479290969236,One Year,Fiber,No,4.0,,Mailed Check,1
50,19.0,108.00416105516331,2052.0790600481027,Two Year,DSL,No,4.0,,Bank Transfer,0
51,2.0,74.72608606035276,149.4521721207055,Month-to-Month,DSL,No,2.0,5.0,Bank Transfer,0
52,52.0,42.9545219177345,2233.6351397221943,Month-to-Month,DSL,No,2.0,4.0,Credit Card,0
53,45.0,92.60765550336606,4167.344497651473,Month-to-Month,Fiber,,2.0,3.0,Credit Card,0
54,49.0,99.99969121456533,4899.984869513702,Month-to-Month,Fiber,No,1.0,,Mailed Check,0
55,57.0,74.03640908519088,4220.075317855881,Month-to-Month,Fiber,Yes,4.0,3.0,Electronic Check,0
56,50.0,29.0150758114806,1450.75379057403,Month-to-Month,DSL,No,1.0,5.0,Bank Transfer,0
57,4.0,114.62922033791187,458.5168813516475,Month-to-Month,Fiber,No,3.0,4.0,Electronic Check,1
58,68.0,77.75306301566316,5287.208285065095,Month-to-Month,DSL,No,1.0,5.0,Credit Card,1
59,,99.26135743403634,1191.1362892084362,Month-to-Month,DSL,No,3.0,4.0,Credit Card,0
60,22.0,,,Month-to-Month,No,Yes,1.0,3.0,Credit Card,1
61,4.0,60.034401881652485,,Two Year,DSL,No,,2.0,Credit Card,0
62,12.0,72.76132773226414,873.1359327871696,Month-to-Month,No,,3.0,4.0,Mailed Check,0
63,4.0,97.835041950897,391.340167803588,One Year,DSL,No,1.0,4.0,Credit Card,0
64,7.0,,,One Year,No,No,0.0,4.0,Mailed Check,0
65,10.0,38.57915468665796,385.79154686657955,Month-to-Month,DSL,No,1.0,2.0,Electronic Check,0
66,15.0,76.54972991958353,1148.2459487937529,Two Year,DSL,No,2.0,,Credit Card,0
67,71.0,110.73835486276917,7862.4231952566115,Month-to-Month,Fiber,No,5.0,4.0,Mailed Check,1
68,13.0,71.64515706157079,931.3870418004202,One Year,No,No,1.0,2.0,Electronic Check,0
69,55.0,73.23463809441206,4027.9050951926633,Month-to-Month,DSL,No,2.0,,Electronic Check,0
70,28.0,38.4364064304045,1076.219380051326,Two Year,No,No,2.0,,Credit Card,0
71,39.0,34.925272806929016,,Two Year,Fiber,No,,5.0,Electronic Check,0
72,18.0,54.05769652966895,973.0385375340411,Month-to-Month,Fiber,Yes,2.0,4.0,Bank Transfer,0
73,62.0,61.83705883453191,3833.8976477409783,Two Year,No,Yes,1.0,4.0,Electronic Check,0
74,66.0,72.601518375257,4791.700212766962,One Year,DSL,No,1.0,,Mailed Check,0
75,,74.14892436185441,3559.1483693690116,Two Year,DSL,No,1.0,4.0,Bank Transfer,1
76,17.0,110.0476912754232,1870.8107516821945,One Year,Fiber,Yes,1.0,,Bank Transfer,0
77,6.0,,,One Year,Fiber,Yes,3.0,4.0,Electronic Check,0
78,47.0,96.61056721027269,4540.696658882816,Month-to-Month,DSL,No,2.0,,Bank Transfer,1
79,16.0,69.01676663387711,1104.2682661420338,One Year,Fiber,Yes,2.0,4.0,Electronic Check,1
80,60.0,106.22259029064402,6373.355417438641,Month-to-Month,DSL,No,3.0,,Mailed Check,0
81,,23.240063031319977,952.8425842841191,Two Year,DSL,No,1.0,2.0,Credit Card,1
82,26.0,55.03170583303927,1430.824351659021,Two Year,DSL,No,3.0,3.0,Bank Transfer,0
83,,94.57583490648102,4350.488405698127,Month-to-Month,Fiber,Yes,2.0,4.0,Electronic Check,0
84,50.0,65.7100998685821,3285.504993429105,Two Year,No,Yes,0.0,4.0,Electronic Check,0
85,1.0,93.28824033469914,93.28824033469914,Month-to-Month,Fiber,No,4.0,3.0,Bank Transfer,0
86,,79.62665256943177,2866.559492499544,Month-to-Month,DSL,,1.0,3.0,Bank Transfer,0
87,30.0,93.64692459282585,2809.4077377847757,Two Year,DSL,No,3.0,,Credit Card,1
88,2.0,85.32669320072108,170.65338640144216,One Year,Fiber,No,1.0,3.0,Mailed Check,0
89,,86.84122334534376,5992.044410828719,Month-to-Month,DSL,Yes,,3.0,Bank Transfer,0
90,31.0,107.31138467878876,,Month-to-Month,Fiber,No,2.0,3.0,Electronic Check,0
91,8.0,,,Two Year,DSL,No,3.0,3.0,Electronic Check,0
92,61.0,94.84516767841023,5785.555228383024,One Year,Fiber,No,3.0,4.0,Credit Card,0
93,66.0,70.51046896963942,4653.690951996202,Two Year,No,No,3.0,3.0,Bank Transfer,1
94,,55.453744754578196,3770.8546433113174,Month-to-Month,DSL,Yes,2.0,5.0,Electronic Check,0
95,45.0,53.51099779319259,2407.9949006936663,Month-to-Month,Fiber,No,4.0,4.0,Mailed Check,0
96,52.0,88.77361492974201,4616.227976346585,Month-to-Month,Fiber,No,0.0,4.0,Electronic Check,1
97,8.0,,,Month-to-Month,DSL,No,3.0,4.0,Electronic Check,0
98,71.0,37.32054529239286,2649.7587157598928,Month-to-Month,DSL,No,,4.0,Mailed Check,0
99,14.0,45.918657853030254,642.8612099424236,One Year,Fiber,Yes,0.0,5.0,Bank Transfer,0
100,29.0,63.80946553265957,1850.4745004471276,One Year,No,Yes,1.0,4.0,Mailed Check,1
101,64.0,,,Two Year,DSL,Yes,3.0,5.0,Credit Card,0
102,37.0,101.4680325647333,3754.3172048951324,Two Year,No,Yes,1.0,3.0,Mailed Check,0
103,41.0,,,One Year,No,No,4.0,5.0,Mailed Check,0
104,64.0,119.61455996146415,7655.331837533706,Month-to-Month,DSL,No,2.0,4.0,Bank Transfer,1
105,59.0,96.55536172306955,5696.766341661104,One Year,No,Yes,3.0,3.0,Credit Card,1
106,9.0,95.7594832788007,861.8353495092063,Two Year,No,Yes,2.0,,Electronic Check,0
107,7.0,126.26690077577169,883.8683054304018,Two Year,DSL,No,,4.0,Credit Card,0
108,66.0,55.726047828564255,3677.919156685241,Two Year,DSL,No,1.0,5.0,Credit Card,1
109,71.0,32.41354001876514,2301.361341332325,Month-to-Month,DSL,No,4.0,5.0,Mailed Check,0
110,,64.19106508768151,2631.8336685949416,One Year,No,Yes,0.0,4.0,Electronic Check,1
111,26.0,49.37519865382099,,Month-to-Month,Fiber,Yes,4.0,1.0,Credit Card,0
112,8.0,63.57886597438882,508.63092779511055,Month-to-Month,Fiber,No,1.0,4.0,Mailed Check,0
113,14.0,43.74452524354774,612.4233534096684,Two Year,DSL,,0.0,4.0,Bank Transfer,1
114,45.0,84.19700168634992,3788.8650758857466,One Year,Fiber,No,6.0,5.0,Credit Card,0
115,2.0,82.82457123996811,165.64914247993622,Month-to-Month,No,Yes,,,Electronic Check,0
116,42.0,69.32693523579319,2911.731279903314,One Year,No,No,1.0,3.0,Credit Card,0
117,57.0,,,Month-to-Month,Fiber,Yes,1.0,3.0,Electronic Check,1
118,64.0,66.44873182177042,,Month-to-Month,No,No,2.0,4.0,Electronic Check,0
119,4.0,88.80084170668204,355.20336682672814,Two Year,No,Yes,,4.0,Electronic Check,0
120,18.0,,,One Year,DSL,No,4.0,4.0,Credit Card,0
121,,63.36385937760567,4435.470156432397,One Year,Fiber,No,4.0,3.0,Electronic Check,1
122,51.0,93.23961174856777,4755.220199176956,Month-to-Month,DSL,No,3.0,,Mailed Check,0
123,3.0,101.52053173066903,304.5615951920071,Month-to-Month,Fiber,No,1.0,,Mailed Check,0
124,19.0,103.43634564103031,1965.2905671795759,Month-to-Month,No,No,1.0,1.0,Credit Card,0
125,47.0,45.24313276701295,2126.427240049609,Month-to-Month,Fiber,No,,4.0,Credit Card,0
126,46.0,56.63881979895756,,Month-to-Month,No,No,5.0,5.0,Mailed Check,1
127,58.0,27.462597631307702,1592.8306626158467,Month-to-Month,DSL,No,3.0,1.0,Mailed Check,0
128,,64.03587454490984,2305.2914836167542,One Year,No,No,,4.0,Electronic Check,1
129,19.0,80.40309536194064,1527.6588118768723,Month-to-Month,No,,4.0,3.0,Electronic Check,0
130,47.0,,,Month-to-Month,DSL,Yes,0.0,4.0,Electronic Check,0
131,55.0,118.27127167620755,6504.919942191415,Two Year,Fiber,,2.0,4.0,Mailed Check,1
132,63.0,,,Month-to-Month,No,,1.0,3.0,Mailed Check,1
133,68.0,,,One Year,DSL,Yes,,5.0,Electronic Check,1
134,,,,One Year,Fiber,Yes,2.0,5.0,Credit Card,0
135,27.0,73.74834571245401,1991.2053342362583,Month-to-Month,DSL,No,3.0,4.0,Bank Transfer,0
136,11.0,83.74106489500963,921.1517138451059,One Year,Fiber,No,,5.0,Bank Transfer,1
137,4.0,77.59469826965474,310.37879307861897,Month-to-Month,Fiber,Yes,1.0,,Mailed Check,0
138,46.0,76.09414401327184,3500.330624610505,Month-to-Month,DSL,No,4.0,,Credit Card,0
139,59.0,20.0,999.6091475121774,Two Year,DSL,No,2.0,5.0,Credit Card,1
140,60.0,51.84714931206635,3110.828958723981,Month-to-Month,DSL,Yes,4.0,4.0,Mailed Check,1
141,24.0,55.24187705117839,1325.8050492282814,Month-to-Month,DSL,No,2.0,3.0,Credit Card,0
142,26.0,61.30089155162684,,Two Year,Fiber,Yes,2.0,4.0,Bank Transfer,0
143,,58.79020903847647,1646.1258530773412,One Year,DSL,No,,3.0,Mailed Check,1
144,58.0,80.32046904219227,4658.587204447152,One Year,DSL,No,2.0,3.0,Electronic Check,1
145,4.0,85.02206271730049,340.08825086920194,One Year,No,No,3.0,4.0,Credit Card,0
146,60.0,41.70897683122119,2502.5386098732715,Month-to-Month,DSL,Yes,2.0,4.0,Credit Card,1
147,49.0,,,One Year,DSL,Yes,4.0,4.0,Mailed Check,1
148,57.0,84.64420346667677,4824.719597600576,Two Year,Fiber,No,5.0,3.0,Credit Card,0
149,5.0,81.64425165095541,408.22125825477707,One Year,No,Yes,4.0,4.0,Credit Card,0
150,70.0,34.552637799258264,,Two Year,Fiber,,2.0,5.0,Credit Card,0
151,57.0,81.01455750722498,,Two Year,DSL,No,0.0,3.0,Bank Transfer,0
152,61.0,,,Two Year,DSL,No,,3.0,Credit Card,1
153,10.0,94.0220018803461,940.220018803461,Month-to-Month,DSL,Yes,1.0,3.0,Mailed Check,0
154,67.0,114.60891988253258,,Month-to-Month,No,Yes,,3.0,Credit Card,0
155,34.0,109.70169713985655,3729.857702755123,One Year,DSL,Yes,1.0,5.0,Mailed Check,0
156,70.0,,,Month-to-Month,DSL,No,1.0,4.0,Electronic Check,0
157,10.0,69.95313270685574,699.5313270685574,Month-to-Month,Fiber,No,,4.0,Credit Card,1
158,29.0,85.79870710023332,2488.162505906766,Month-to-Month,Fiber,No,2.0,1.0,Electronic Check,0
159,67.0,42.12400116451399,2822.3080780224373,Two Year,DSL,No,0.0,,Bank Transfer,1
160,11.0,,,Month-to-Month,DSL,No,1.0,3.0,Mailed Check,0
161,4.0,,,Month-to-Month,DSL,No,1.0,3.0,Mailed Check,0
162,49.0,100.51422284286319,4925.196919300296,Month-to-Month,Fiber,,,,Mailed Check,1
163,4.0,61.7217925429382,246.8871701717528,Two Year,DSL,No,1.0,4.0,Mailed Check,0
164,24.0,107.56452264523588,2581.548543485661,Two Year,DSL,Yes,2.0,4.0,Bank Transfer,0
165,56.0,20.0,16.64196368099647,Two Year,Fiber,No,2.0,3.0,Mailed Check,0
166,35.0,30.319839330309236,1061.1943765608232,Month-to-Month,No,No,4.0,4.0,Credit Card,0
167,38.0,66.90778167860752,2542.495703787086,Month-to-Month,No,,0.0,4.0,Electronic Check,0
168,50.0,92.20486353352189,4610.243176676095,Month-to-Month,DSL,No,2.0,3.0,Mailed Check,1
169,26.0,68.25942253199769,1774.7449858319399,Two Year,DSL,No,3.0,3.0,Credit Card,0
170,18.0,67.60868138766752,,Month-to-Month,Fiber,No,4.0,4.0,Electronic Check,0
171,59.0,66.9564626185727,3950.431294495789,Month-to-Month,Fiber,No,1.0,,Mailed Check,0
172,67.0,25.927556639973133,1737.1462948782,One Year,No,Yes,2.0,,Mailed Check,0
173,46.0,98.95172186099632,4551.779205605831,Month-to-Month,DSL,Yes,3.0,3.0,Electronic Check,0
174,11.0,,,One Year,No,,3.0,,Credit Card,0
175,9.0,97.23831643036132,875.1448478732519,One Year,DSL,No,1.0,,Bank Transfer,0
176,26.0,68.23691455094125,,Month-to-Month,Fiber,Yes,1.0,4.0,Mailed Check,1
177,68.0,96.70400968322704,6575.872658459439,Month-to-Month,No,No,4.0,4.0,Electronic Check,0
178,66.0,,,One Year,DSL,No,,,Bank Transfer,0
179,8.0,67.33313773604394,538.6651018883515,One Year,Fiber,No,1.0,5.0,Credit Card,0
180,71.0,75.65654117671757,5371.614423546947,Two Year,Fiber,No,2.0,5.0,Credit Card,0
181,,33.1755597722106,1327.0223908884238,Month-to-Month,DSL,No,3.0,5.0,Mailed Check,1
182,39.0,70.15073317927587,2735.8785939917593,One Year,No,Yes,,3.0,Mailed Check,0
183,6.0,112.90100805280328,677.4060483168197,Month-to-Month,DSL,Yes,,5.0,Bank Transfer,0
184,10.0,102.70483909971787,1027.0483909971788,Month-to-Month,DSL,No,2.0,4.0,Credit Card,0
185,41.0,45.374410432548196,1860.350827734476,Month-to-Month,DSL,No,3.0,1.0,Credit Card,0
186,,82.64214628344808,5702.308093557918,Month-to-Month,DSL,Yes,2.0,1.0,Mailed Check,0
187,22.0,,,Two Year,DSL,No,2.0,5.0,Credit Card,1
188,51.0,90.4297070029352,4611.915057149696,Two Year,Fiber,No,3.0,4.0,Credit Card,0
189,37.0,72.35382213805529,2677.091419108046,One Year,DSL,No,0.0,4.0,Mailed Check,0
190,45.0,64.16240017174749,,Month-to-Month,Fiber,No,,,Mailed Check,0
191,62.0,103.2657694090162,6402.477703359004,Month-to-Month,DSL,No,0.0,4.0,Electronic Check,1
192,15.0,,,Two Year,Fiber,,0.0,4.0,Credit Card,0
193,24.0,101.38660804865785,2433.278593167788,Month-to-Month,Fiber,No,0.0,5.0,Credit Card,0
194,63.0,94.35965508361235,5944.658270267578,One Year,DSL,Yes,2.0,3.0,Credit Card,0
195,29.0,61.8878189620273,1794.746749898792,Month-to-Month,DSL,No,4.0,3.0,Bank Transfer,0
196,25.0,65.824993141071,1645.6248285267752,One Year,Fiber,No,3.0,4.0,Bank Transfer,0
197,16.0,118.24581084997556,1891.9329735996089,One Year,Fiber,Yes,2.0,5.0,Electronic Check,1
198,50.0,74.7870581359978,3739.3529067998898,Month-to-Month,Fiber,No,0.0,3.0,Bank Transfer,0
199,5.0,51.034289415999396,255.171447079997,Month-to-Month,No,No,1.0,,Mailed Check,1
200,22.0,39.998918050374414,879.9761971082371,Month-to-Month,No,Yes,4.0,3.0,Mailed Check,0
201,33.0,94.35331088144392,3113.6592590876494,Two Year,Fiber,No,3.0,4.0,Credit Card,0
202,40.0,74.00734302740683,2960.293721096273,Month-to-Month,No,No,3.0,5.0,Mailed Check,0
203,2.0,50.19770123677541,100.39540247355082,Month-to-Month,DSL,No,3.0,,Mailed Check,0
204,36.0,86.86462078091563,3127.1263481129627,Two Year,DSL,Yes,5.0,5.0,Credit Card,0
205,59.0,73.99371737639802,,Two Year,No,No,2.0,,Electronic Check,0
206,39.0,28.488123230926078,1111.036806006117,One Year,DSL,No,0.0,4.0,Bank Transfer,0
207,2.0,84.7171388677703,169.4342777355406,Two Year,Fiber,Yes,2.0,4.0,Mailed Check,0
208,53.0,103.32976757108084,5476.477681267284,Month-to-Month,No,No,2.0,,Credit Card,0
209,18.0,133.99625576581178,2411.932603784612,Month-to-Month,Fiber,No,5.0,4.0,Electronic Check,0
210,46.0,70.87256410155011,3260.137948671305,Month-to-Month,No,Yes,1.0,1.0,Bank Transfer,0
211,23.0,75.81624145526366,1743.7735534710644,One Year,Fiber,No,2.0,3.0,Bank Transfer,0
212,54.0,110.16492013087012,5948.9056870669865,Two Year,No,No,4.0,,Electronic Check,0
213,1.0,74.21805667341198,74.21805667341198,One Year,Fiber,Yes,2.0,5.0,Electronic Check,0
214,36.0,76.88354657699807,2767.8076767719303,Month-to-Month,No,No,2.0,4.0,Electronic Check,0
215,40.0,54.2345402142356,2169.381608569424,One Year,DSL,No,2.0,2.0,Electronic Check,0
216,30.0,35.14062218217026,1054.2186654651077,One Year,No,No,2.0,,Credit Card,0
217,20.0,92.81719839549638,1856.3439679099274,Month-to-Month,DSL,No,3.0,3.0,Electronic Check,1
218,,38.1607440796939,,Two Year,Fiber,Yes,3.0,,Credit Card,0
219,2.0,,,Two Year,Fiber,Yes,4.0,4.0,Credit Card,0
220,6.0,50.29586102780851,301.7751661668511,Month-to-Month,Fiber,Yes,7.0,5.0,Mailed Check,0
221,36.0,,,Month-to-Month,Fiber,No,0.0,,Electronic Check,0
222,26.0,60.69320671604285,1578.023374617114,One Year,No,Yes,1.0,4.0,Mailed Check,0
223,71.0,99.36500594893351,7054.91542237428,Two Year,DSL,No,3.0,4.0,Mailed Check,0
224,59.0,77.52116005516453,4573.748443254707,One Year,Fiber,No,2.0,,Electronic Check,0
225,30.0,118.97738381267854,3569.3215143803563,One Year,DSL,No,4.0,4.0,Mailed Check,0
226,22.0,42.90805801601046,943.9772763522301,One Year,Fiber,No,2.0,3.0,Bank Transfer,1
227,17.0,,,Two Year,DSL,Yes,0.0,4.0,Credit Card,1
228,31.0,71.18354702267833,2206.689957703028,Two Year,DSL,No,3.0,,Credit Card,1
229,56.0,76.99858928142307,4311.920999759692,Month-to-Month,Fiber,No,2.0,1.0,Mailed Check,0
230,31.0,109.8980292902612,3406.8389079980975,Month-to-Month,No,,2.0,3.0,Electronic Check,0
231,,84.63295075230714,1100.2283597799928,Month-to-Month,DSL,,4.0,5.0,Bank Transfer,1
232,17.0,41.31186478306982,702.301701312187,Month-to-Month,No,Yes,2.0,4.0,Electronic Check,0
233,39.0,83.33777045849573,3250.1730478813333,Month-to-Month,DSL,,2.0,3.0,Mailed Check,0
234,8.0,59.609515596106235,476.8761247688499,Two Year,Fiber,Yes,4.0,2.0,Mailed Check,0
235,38.0,58.16612574823024,2210.3127784327494,Two Year,Fiber,Yes,0.0,,Credit Card,0
236,15.0,96.14643320083422,1442.1964980125133,Month-to-Month,No,No,2.0,5.0,Bank Transfer,0
237,1.0,54.941500424344284,54.941500424344284,Month-to-Month,Fiber,Yes,,,Credit Card,1
238,3.0,60.50674181049661,,Two Year,No,No,4.0,3.0,Credit Card,0
239,38.0,70.81018136009676,,One Year,Fiber,No,,4.0,Mailed Check,0
240,48.0,93.65464741863471,,Month-to-Month,Fiber,Yes,2.0,3.0,Credit Card,0
241,63.0,84.53974507152972,5326.003939506372,Month-to-Month,DSL,No,5.0,3.0,Bank Transfer,0
242,62.0,,,Month-to-Month,Fiber,No,2.0,4.0,Bank Transfer,0
243,15.0,63.19558835781517,947.9338253672275,Two Year,No,Yes,3.0,2.0,Mailed Check,1
244,62.0,40.996758461661784,2541.7990246230306,Month-to-Month,Fiber,No,3.0,3.0,Mailed Check,0
245,38.0,51.00412278518343,,Two Year,Fiber,Yes,2.0,,Mailed Check,1
246,20.0,53.64047285448767,1072.8094570897533,Two Year,Fiber,,,3.0,Credit Card,0
247,59.0,66.26772645631387,3909.795860922518,One Year,DSL,No,3.0,3.0,Bank Transfer,0
248,,119.66907592922905,837.6835315046034,Month-to-Month,No,Yes,1.0,4.0,Credit Card,0
249,71.0,53.11326415533921,3771.041755029084,One Year,No,No,2.0,3.0,Credit Card,0
250,52.0,62.60427330235903,,Month-to-Month,Fiber,No,2.0,3.0,Credit Card,1
251,4.0,20.0,74.76015950233943,Two Year,DSL,No,0.0,4.0,Electronic Check,0
252,1.0,85.01427735776268,85.01427735776268,One Year,DSL,No,4.0,3.0,Mailed Check,0
253,38.0,30.563780154324867,1161.423645864345,Two Year,Fiber,No,2.0,4.0,Mailed Check,1
254,53.0,47.33526194589107,2508.7688831322266,Month-to-Month,DSL,No,1.0,3.0,Credit Card,1
255,3.0,96.05838421102483,288.1751526330745,Month-to-Month,No,No,0.0,4.0,Electronic Check,0
256,15.0,20.0,260.6518389078891,One Year,DSL,No,2.0,4.0,Electronic Check,1
257,3.0,72.398010309881,217.19403092964302,Month-to-Month,DSL,Yes,3.0,,Credit Card,0
258,33.0,90.02324116662817,2970.7669584987298,One Year,DSL,No,4.0,4.0,Electronic Check,1
259,56.0,108.13610591100695,6055.621931016389,One Year,Fiber,No,1.0,,Mailed Check,0
260,33.0,46.997672287759656,1550.9231854960685,Month-to-Month,Fiber,No,1.0,,Mailed Check,1
261,31.0,54.39937874400337,1686.3807410641045,Month-to-Month,Fiber,No,0.0,4.0,Electronic Check,0
262,4.0,115.11090808506503,460.44363234026014,One Year,DSL,No,1.0,,Mailed Check,0
263,22.0,69.37349638546006,1526.2169204801212,Month-to-Month,Fiber,,5.0,4.0,Mailed Check,0
264,31.0,51.593401643258204,1599.3954509410044,Two Year,No,No,3.0,3.0,Electronic Check,0
265,60.0,52.06285406731932,3123.7712440391592,Two Year,DSL,Yes,4.0,3.0,Bank Transfer,1
266,32.0,45.68609191081336,,Month-to-Month,No,No,1.0,3.0,Mailed Check,0
267,71.0,59.00819486435018,4189.581835368863,Two Year,No,No,0.0,4.0,Mailed Check,0
268,8.0,97.20551191123361,777.6440952898689,One Year,DSL,Yes,4.0,5.0,Credit Card,0
269,62.0,92.1941517143366,,Month-to-Month,Fiber,Yes,3.0,4.0,Bank Transfer,1
270,28.0,40.64324242936639,,Two Year,Fiber,Yes,3.0,3.0,Electronic Check,0
271,66.0,75.36465186760587,4974.067023261988,Two Year,DSL,Yes,3.0,5.0,Bank Transfer,0
272,17.0,59.94600662318706,1019.08211259418,Two Year,DSL,No,0.0,4.0,Bank Transfer,1
273,2.0,89.56101010261105,179.1220202052221,Two Year,DSL,No,1.0,5.0,Electronic Check,1
274,8.0,66.09100681926752,528.7280545541402,Two Year,Fiber,No,0.0,5.0,Credit Card,1
275,38.0,,,Month-to-Month,Fiber,No,1.0,,Electronic Check,1
276,20.0,66.03486982603752,1320.6973965207503,Two Year,DSL,Yes,,,Electronic Check,1
277,64.0,20.0,980.6625109788438,Month-to-Month,Fiber,,1.0,5.0,Electronic Check,0
278,,71.17506113421611,1494.6762838185382,Two Year,Fiber,Yes,0.0,3.0,Electronic Check,1
279,31.0,38.20632626174783,1184.3961141141829,Month-to-Month,DSL,,3.0,,Bank Transfer,1
280,70.0,88.67821029192103,6207.474720434472,Two Year,No,Yes,1.0,4.0,Bank Transfer,0
281,15.0,53.004302690005304,795.0645403500796,Month-to-Month,No,No,,4.0,Bank Transfer,0
282,57.0,54.87468359817527,3127.8569650959903,One Year,DSL,Yes,3.0,3.0,Mailed Check,0
283,1.0,69.77742937469243,69.77742937469243,Two Year,No,No,1.0,5.0,Electronic Check,0
284,29.0,84.44484885560952,2448.900616812676,Month-to-Month,Fiber,Yes,1.0,4.0,Credit Card,1
285,66.0,65.75640455502179,4339.922700631438,Two Year,No,Yes,4.0,,Electronic Check,0
286,22.0,,,Two Year,DSL,No,2.0,4.0,Mailed Check,0
287,61.0,111.2204465371452,,One Year,DSL,Yes,2.0,3.0,Mailed Check,0
288,29.0,112.88671480424976,3273.7147293232433,One Year,DSL,Yes,2.0,,Bank Transfer,1
289,9.0,64.14203188603081,577.2782869742773,Month-to-Month,Fiber,Yes,1.0,1.0,Credit Card,0
290,41.0,32.951038597428635,1350.992582494574,Month-to-Month,DSL,Yes,,4.0,Bank Transfer,0
291,21.0,100.50196285595698,2110.5412199750963,Month-to-Month,Fiber,Yes,0.0,,Mailed Check,0
292,55.0,59.591367867505596,3277.525232712808,Month-to-Month,Fiber,No,0.0,5.0,Credit Card,0
293,40.0,70.9541578000502,,One Year,Fiber,No,2.0,,Credit Card,0
294,26.0,85.70800257137925,2228.4080668558604,One Year,Fiber,Yes,2.0,5.0,Credit Card,0
295,,29.889089987183695,1434.6763193848174,Month-to-Month,Fiber,No,3.0,3.0,Credit Card,1
296,3.0,110.72803013331244,,Two Year,No,,1.0,5.0,Electronic Check,0
297,33.0,91.87405822758268,,One Year,DSL,Yes,2.0,4.0,Mailed Check,0
298,42.0,,,Month-to-Month,No,No,2.0,1.0,Mailed Check,0
299,43.0,92.27291876196728,3967.735506764593,Two Year,No,Yes,1.0,3.0,Credit Card,0
300,70.0,83.9238134831837,,Two Year,DSL,No,2.0,3.0,Bank Transfer,0
301,4.0,72.92070288922694,291.6828115569078,One Year,Fiber,Yes,1.0,3.0,Electronic Check,1
302,64.0,62.30564194638599,3987.5610845687033,Month-to-Month,Fiber,No,1.0,4.0,Credit Card,0
303,70.0,51.521443141105436,3606.5010198773807,Month-to-Month,Fiber,No,1.0,4.0,Mailed Check,1
304,51.0,77.18035702258419,,Two Year,No,No,1.0,3.0,Mailed Check,1
305,67.0,79.03007649429188,5295.015125117556,Month-to-Month,Fiber,No,3.0,,Credit Card,1
306,18.0,97.07997006720498,1747.4394612096896,Month-to-Month,Fiber,Yes,3.0,4.0,Bank Transfer,0
307,20.0,75.01650021797992,1500.3300043595984,Month-to-Month,No,No,1.0,3.0,Bank Transfer,0
308,30.0,48.66996210548598,1460.0988631645794,Two Year,No,Yes,2.0,4.0,Electronic Check,0
309,52.0,30.594178815083602,1590.8972983843473,Month-to-Month,No,No,1.0,4.0,Bank Transfer,1
310,,66.81094594975173,,Two Year,Fiber,No,3.0,,Electronic Check,0
311,47.0,69.31354058276072,,Month-to-Month,Fiber,No,0.0,5.0,Bank Transfer,0
312,3.0,67.54771043016001,202.64313129048003,Two Year,No,Yes,2.0,4.0,Bank Transfer,0
313,50.0,31.737177566109395,,One Year,DSL,No,1.0,3.0,Electronic Check,0
314,,96.8616285133877,871.7546566204893,One Year,Fiber,No,3.0,4.0,Electronic Check,0
315,19.0,96.81574365584456,1839.4991294610466,Month-to-Month,Fiber,Yes,,,Credit Card,0
316,36.0,49.41787088463772,1779.043351846958,Month-to-Month,Fiber,Yes,,3.0,Electronic Check,0
317,40.0,90.14955279055386,3605.982111622154,Month-to-Month,Fiber,No,1.0,3.0,Electronic Check,0
318,27.0,93.82077154529141,2533.160831722868,Month-to-Month,DSL,Yes,1.0,,Bank Transfer,0
319,21.0,70.96117691619233,1490.184715240039,One Year,DSL,No,1.0,,Credit Card,1
320,,46.287534345148075,601.737946486925,One Year,Fiber,No,2.0,,Bank Transfer,0
321,27.0,110.33453838152559,2979.0325363011907,One Year,Fiber,Yes,4.0,4.0,Bank Transfer,0
322,62.0,,,Two Year,Fiber,No,,5.0,Mailed Check,0
323,40.0,63.72406361969893,2548.962544787957,Month-to-Month,Fiber,No,1.0,5.0,Electronic Check,0
324,53.0,89.32113489182271,4734.020149266604,Month-to-Month,DSL,Yes,0.0,,Credit Card,0
325,40.0,110.55521219625379,4422.208487850152,One Year,Fiber,No,1.0,4.0,Electronic Check,1
326,9.0,57.570996332778364,518.1389669950053,Month-to-Month,DSL,Yes,5.0,4.0,Electronic Check,0
327,27.0,87.28556363141972,2356.7102180483325,One Year,Fiber,No,3.0,3.0,Bank Transfer,1
328,3.0,118.5790042681177,355.73701280435307,Two Year,Fiber,No,0.0,,Mailed Check,0
329,56.0,42.08587914411301,,One Year,Fiber,No,0.0,,Electronic Check,1
330,53.0,56.26866028179843,2982.238994935317,Two Year,Fiber,No,3.0,4.0,Bank Transfer,0
331,4.0,55.05362298519488,220.2144919407795,Month-to-Month,DSL,No,0.0,3.0,Mailed Check,0
332,40.0,,,One Year,DSL,No,1.0,,Credit Card,1
333,52.0,64.75065660289513,3367.034143350547,One Year,Fiber,No,4.0,5.0,Mailed Check,0
334,56.0,77.51988598417626,4341.113615113871,Month-to-Month,DSL,No,2.0,5.0,Credit Card,0
335,65.0,49.49061199663158,3216.8897797810528,Month-to-Month,Fiber,,3.0,4.0,Credit Card,0
336,71.0,54.433412777977665,,Month-to-Month,DSL,No,,1.0,Mailed Check,0
337,30.0,,,One Year,DSL,Yes,0.0,5.0,Credit Card,1
338,25.0,73.87279649334276,,One Year,DSL,No,2.0,3.0,Mailed Check,0
339,39.0,91.85199522900498,3582.2278139311943,Month-to-Month,DSL,Yes,2.0,3.0,Credit Card,0
340,25.0,80.233875623141,2005.846890578525,Month-to-Month,Fiber,No,3.0,4.0,Mailed Check,0
341,33.0,89.29616588901908,2946.7734743376295,Month-to-Month,No,No,1.0,1.0,Electronic Check,0
342,63.0,41.4261990114625,2609.8505377221377,Two Year,No,No,1.0,,Mailed Check,0
343,54.0,60.414592222105426,3262.387979993693,Month-to-Month,DSL,No,4.0,3.0,Electronic Check,0
344,51.0,,,Two Year,DSL,No,1.0,5.0,Bank Transfer,0
345,52.0,,,Month-to-Month,Fiber,No,2.0,1.0,Mailed Check,0
346,52.0,88.68482403865792,,One Year,DSL,Yes,0.0,,Mailed Check,0
347,,76.81836842906986,4301.828632027912,Month-to-Month,No,No,2.0,,Mailed Check,1
348,1.0,80.63339642321964,80.63339642321964,Month-to-Month,Fiber,,0.0,3.0,Mailed Check,1
349,31.0,64.22739871179566,1991.0493600656655,Month-to-Month,DSL,No,1.0,3.0,Mailed Check,0
350,21.0,150.0,3345.0790894638135,Two Year,DSL,No,,,Mailed Check,0
351,24.0,60.096101939757546,1442.306446554181,One Year,DSL,Yes,2.0,4.0,Credit Card,1
352,19.0,69.04196955642121,1311.797421572003,Month-to-Month,DSL,No,4.0,4.0,Electronic Check,0
353,61.0,,,One Year,DSL,Yes,0.0,3.0,Mailed Check,0
354,60.0,97.65666643986805,5859.399986392083,Month-to-Month,Fiber,No,1.0,4.0,Bank Transfer,0
355,25.0,56.193676257876824,1404.8419064469206,One Year,DSL,Yes,2.0,4.0,Bank Transfer,0
356,20.0,68.48014734970897,1369.6029469941795,One Year,DSL,No,2.0,5.0,Credit Card,0
357,,56.79898622795422,1476.7736419268097,Month-to-Month,No,No,0.0,3.0,Electronic Check,1
358,7.0,66.53292636812886,465.730484576902,Month-to-Month,DSL,No,2.0,5.0,Bank Transfer,1
359,,62.893822539484255,4213.886110145445,Month-to-Month,DSL,Yes,,5.0,Bank Transfer,1
360,56.0,68.92395560548378,3859.7415139070918,One Year,Fiber,No,1.0,4.0,Credit Card,1
361,11.0,68.67996293365383,755.4795922701921,Two Year,Fiber,No,1.0,3.0,Bank Transfer,0
362,17.0,66.14486721285293,1124.4627426184998,Month-to-Month,DSL,No,,4.0,Electronic Check,1
363,47.0,65.80306933634301,3092.7442588081217,One Year,Fiber,No,,4.0,Electronic Check,0
364,44.0,102.71296130815043,4519.370297558618,Month-to-Month,Fiber,No,4.0,,Electronic Check,0
365,64.0,92.03542299398146,5890.267071614813,Month-to-Month,No,No,,5.0,Credit Card,0
366,30.0,92.18605796116474,2765.581738834942,Month-to-Month,Fiber,No,1.0,,Credit Card,1
367,43.0,,,One Year,Fiber,Yes,2.0,,Bank Transfer,0
368,,101.4205207962091,,One Year,DSL,No,0.0,,Electronic Check,0
369,4.0,,,Month-to-Month,Fiber,No,0.0,4.0,Mailed Check,1
370,50.0,56.164891779960875,2808.2445889980436,Month-to-Month,DSL,No,3.0,1.0,Electronic Check,0
371,34.0,108.09630042999508,3675.274214619833,Two Year,Fiber,Yes,,2.0,Mailed Check,0
372,35.0,52.91935142500526,1852.1772998751842,Month-to-Month,DSL,No,2.0,5.0,Credit Card,1
373,64.0,23.94920403987308,1532.7490585518772,Month-to-Month,Fiber,Yes,2.0,,Electronic Check,0
374,13.0,97.53814965382932,1267.995945499781,Month-to-Month,DSL,No,,4.0,Mailed Check,0
375,,67.0120304892481,1809.324823209699,Two Year,DSL,Yes,2.0,,Bank Transfer,0
376,41.0,94.42303911437456,3871.344603689357,One Year,No,No,1.0,3.0,Electronic Check,0
377,42.0,,,One Year,Fiber,No,1.0,4.0,Credit Card,0
378,29.0,38.45574970632394,1115.2167414833943,Month-to-Month,Fiber,No,2.0,4.0,Electronic Check,0
379,16.0,100.79679471559925,1612.748715449588,Month-to-Month,Fiber,No,3.0,4.0,Mailed Check,0
380,53.0,,,Month-to-Month,DSL,No,3.0,,Mailed Check,0
381,46.0,30.97423721406591,1424.814911847032,Two Year,Fiber,No,1.0,4.0,Credit Card,1
382,69.0,21.860327730891186,1508.3626134314918,One Year,DSL,Yes,2.0,,Electronic Check,1
383,37.0,20.0,5.113124065489771,Month-to-Month,DSL,Yes,2.0,3.0,Credit Card,1
384,60.0,44.022390418390245,2641.3434251034146,Month-to-Month,DSL,No,2.0,5.0,Credit Card,0
385,,20.0,236.4720155954863,Month-to-Month,Fiber,No,2.0,,Electronic Check,0
386,21.0,69.10986288475426,1451.3071205798396,One Year,Fiber,Yes,2.0,,Credit Card,0
387,34.0,20.0,479.0452522240497,One Year,Fiber,No,4.0,3.0,Bank Transfer,0
388,9.0,42.64316452060025,383.78848068540225,One Year,Fiber,Yes,1.0,3.0,Electronic Check,0
389,26.0,128.30154990524142,3335.840297536277,Two Year,Fiber,Yes,0.0,3.0,Mailed Check,0
390,,78.6281060153018,1415.3059082754323,Two Year,DSL,No,5.0,,Bank Transfer,0
391,1.0,71.32014188519317,71.32014188519317,Two Year,No,No,3.0,2.0,Mailed Check,0
392,23.0,29.481200492003566,678.067611316082,One Year,No,No,2.0,4.0,Bank Transfer,1
393,33.0,63.86005835128072,2107.381925592264,Month-to-Month,No,No,2.0,,Bank Transfer,0
394,47.0,71.20271407841543,3346.527561685525,Month-to-Month,DSL,Yes,2.0,2.0,Credit Card,0
395,21.0,29.870480105323523,627.280082211794,Two Year,DSL,No,3.0,,Electronic Check,0
396,61.0,73.15451702201547,4462.425538342944,Month-to-Month,Fiber,Yes,2.0,5.0,Credit Card,0
397,27.0,99.78081142662748,2694.081908518942,One Year,No,No,3.0,5.0,Mailed Check,0
398,,61.29354702901549,3861.493462827976,Two Year,Fiber,,5.0,5.0,Mailed Check,0
399,52.0,,,Month-to-Month,DSL,No,3.0,5.0,Bank Transfer,1
400,,20.0,1212.6457352073226,Two Year,Fiber,No,5.0,1.0,Electronic Check,0
401,14.0,,,Two Year,DSL,No,2.0,5.0,Credit Card,1
402,47.0,96.44237753570539,4532.791744178154,Month-to-Month,Fiber,,3.0,3.0,Mailed Check,0
403,7.0,53.46123383548735,374.22863684841144,Month-to-Month,Fiber,No,0.0,5.0,Mailed Check,0
404,28.0,46.75720913893959,1309.2018558903085,Two Year,DSL,No,2.0,5.0,Electronic Check,0
405,,52.68542210071608,158.05626630214823,Month-to-Month,Fiber,No,6.0,4.0,Bank Transfer,0
406,22.0,68.56334682497925,1508.3936301495435,Month-to-Month,DSL,Yes,2.0,5.0,Electronic Check,1
407,63.0,41.03960222835521,2585.494940386378,One Year,DSL,,1.0,4.0,Mailed Check,1
408,29.0,73.16291264925589,,Month-to-Month,No,Yes,0.0,4.0,Credit Card,0
409,20.0,35.999808071923525,719.9961614384705,One Year,DSL,Yes,1.0,5.0,Credit Card,0
410,67.0,89.35000005189463,5986.45000347694,One Year,Fiber,Yes,1.0,3.0,Credit Card,0
411,,43.57360556650994,1437.928983694828,One Year,No,No,2.0,,Bank Transfer,1
412,48.0,103.00670797330253,4944.321982718521,Month-to-Month,Fiber,No,2.0,,Electronic Check,0
413,41.0,69.74918368106542,2859.716530923682,Two Year,DSL,No,1.0,4.0,Electronic Check,0
414,9.0,48.85888929011926,439.7300036110733,Two Year,No,No,1.0,3.0,Bank Transfer,0
415,48.0,92.7865152395579,4453.752731498779,Month-to-Month,DSL,No,0.0,4.0,Credit Card,1
416,54.0,35.63757802242219,1924.4292132107983,Two Year,Fiber,No,1.0,4.0,Mailed Check,1
417,23.0,56.32335887456476,1295.4372541149894,Month-to-Month,Fiber,No,0.0,,Mailed Check,0
418,65.0,,,Month-to-Month,Fiber,No,,4.0,Electronic Check,0
419,21.0,66.97082991779477,1406.3874282736901,One Year,DSL,Yes,2.0,5.0,Credit Card,0
420,32.0,20.0,633.1316253034993,Month-to-Month,DSL,Yes,2.0,4.0,Mailed Check,0
421,26.0,,,Month-to-Month,Fiber,Yes,0.0,5.0,Electronic Check,0
422,33.0,74.20585856058581,2448.793332499332,Month-to-Month,Fiber,No,2.0,5.0,Bank Transfer,1
423,60.0,37.002711016002245,2220.162660960135,Month-to-Month,No,Yes,0.0,3.0,Mailed Check,0
424,9.0,,,Month-to-Month,Fiber,No,,4.0,Mailed Check,0
425,70.0,82.37952221964966,5766.566555375476,One Year,No,Yes,1.0,,Bank Transfer,1
426,46.0,57.14399023222323,2628.6235506822686,Month-to-Month,DSL,No,3.0,4.0,Credit Card,0
427,7.0,64.4926883674984,451.4488185724888,Month-to-Month,DSL,No,3.0,,Bank Transfer,0
428,7.0,116.53910309579545,,One Year,DSL,No,1.0,3.0,Electronic Check,0
429,69.0,93.39971127190793,6444.580077761648,Month-to-Month,Fiber,No,3.0,1.0,Electronic Check,0
430,33.0,79.50547862165429,2623.6807945145915,Two Year,DSL,,0.0,4.0,Mailed Check,0
431,10.0,34.612030739143094,346.12030739143097,Month-to-Month,Fiber,,0.0,4.0,Credit Card,0
432,28.0,110.74028296614895,3100.727923052171,One Year,Fiber,No,1.0,4.0,Electronic Check,1
433,47.0,96.31002672184945,4526.571255926924,One Year,DSL,No,2.0,3.0,Mailed Check,0
434,46.0,66.28986531100323,3049.3338043061485,Month-to-Month,Fiber,No,1.0,,Electronic Check,1
435,22.0,56.257548269780386,1237.6660619351685,Month-to-Month,DSL,No,2.0,3.0,Mailed Check,1
436,,65.30240153058068,1371.3504321421942,Month-to-Month,DSL,,2.0,4.0,Electronic Check,0
437,56.0,39.95158297832565,2237.2886467862368,Month-to-Month,DSL,Yes,1.0,4.0,Credit Card,0
438,32.0,,,One Year,No,No,4.0,4.0,Credit Card,0
439,32.0,89.07901285386289,2850.5284113236125,One Year,Fiber,No,0.0,3.0,Mailed Check,0
440,36.0,24.8094680689357,893.1408504816852,Month-to-Month,Fiber,No,2.0,5.0,Bank Transfer,0
441,31.0,,,Month-to-Month,DSL,No,2.0,4.0,Bank Transfer,0
442,70.0,,,One Year,DSL,No,,4.0,Credit Card,0
443,54.0,72.58920093308322,3919.816850386494,One Year,No,Yes,1.0,,Bank Transfer,1
444,21.0,40.526576149164356,851.0580991324515,One Year,DSL,Yes,1.0,4.0,Electronic Check,1
445,35.0,40.446177716823485,1415.616220088822,Month-to-Month,No,No,,5.0,Bank Transfer,1
446,23.0,97.2291345614596,,Two Year,DSL,Yes,2.0,3.0,Credit Card,0
447,42.0,,,Month-to-Month,Fiber,Yes,5.0,5.0,Electronic Check,0
448,24.0,95.21627390771091,2285.190573785062,Month-to-Month,DSL,Yes,1.0,5.0,Electronic Check,1
449,69.0,57.94086712228771,3997.9198314378523,One Year,No,Yes,0.0,4.0,Credit Card,0
450,42.0,96.99490875752339,4073.7861678159825,Two Year,Fiber,Yes,3.0,3.0,Credit Card,0
451,30.0,59.47303736487465,1784.1911209462394,One Year,No,No,,1.0,Credit Card,0
452,71.0,,,One Year,DSL,No,4.0,4.0,Bank Transfer,0
453,6.0,91.41387140983655,548.4832284590193,Month-to-Month,DSL,No,2.0,3.0,Credit Card,0
454,52.0,69.56521944424507,3617.391411100744,Month-to-Month,DSL,Yes,1.0,3.0,Credit Card,1
455,26.0,106.21441463311129,2761.5747804608936,Month-to-Month,DSL,No,1.0,,Mailed Check,0
456,41.0,92.30500212844595,3784.505087266284,One Year,No,,1.0,4.0,Bank Transfer,0
457,68.0,64.2643342764051,4369.974730795547,Two Year,Fiber,No,0.0,3.0,Bank Transfer,0
458,54.0,58.758309958425656,3172.9487377549854,One Year,Fiber,Yes,1.0,3.0,Credit Card,0
459,60.0,70.58430858218121,4235.058514930873,Month-to-Month,DSL,No,1.0,5.0,Mailed Check,0
460,55.0,74.75525044647974,4111.538774556386,One Year,DSL,Yes,,3.0,Mailed Check,1
461,24.0,47.95628683170479,1150.9508839609148,Month-to-Month,Fiber,,,,Electronic Check,1
462,40.0,,,Month-to-Month,DSL,Yes,2.0,,Mailed Check,0
463,64.0,60.065912704740064,3844.218413103364,Two Year,No,No,1.0,5.0,Credit Card,0
464,34.0,59.42430637116719,2020.4264166196845,One Year,No,Yes,3.0,3.0,Bank Transfer,0
465,,56.48279156568743,2202.82887106181,One Year,DSL,No,4.0,5.0,Electronic Check,0
466,,,,Two Year,DSL,Yes,1.0,,Mailed Check,1
467,20.0,52.69868495697862,1053.9736991395723,Month-to-Month,DSL,Yes,1.0,3.0,Credit Card,1
468,25.0,,,One Year,Fiber,Yes,0.0,3.0,Credit Card,0
469,6.0,139.16507677754677,834.9904606652806,Month-to-Month,No,No,0.0,3.0,Credit Card,1
470,3.0,68.65976349821645,205.97929049464935,Month-to-Month,DSL,,1.0,4.0,Bank Transfer,0
471,36.0,59.14988154253379,2129.3957355312164,One Year,Fiber,No,3.0,4.0,Electronic Check,0
472,70.0,,,One Year,No,,2.0,1.0,Credit Card,0
473,38.0,71.25554811910173,2707.710828525866,Month-to-Month,Fiber,No,4.0,3.0,Bank Transfer,0
474,65.0,42.26922641875984,2747.49971721939,Month-to-Month,DSL,Yes,2.0,3.0,Credit Card,0
475,38.0,60.61104702571068,2303.219786977006,Month-to-Month,Fiber,No,2.0,5.0,Mailed Check,0
476,28.0,73.79018984117857,2066.1253155530003,One Year,DSL,Yes,4.0,,Mailed Check,1
477,47.0,26.725263754446203,1256.0873964589716,Two Year,No,No,3.0,4.0,Electronic Check,0
478,47.0,73.93656880996146,3475.0187340681887,Two Year,Fiber,No,2.0,5.0,Bank Transfer,0
479,10.0,77.61287938565111,776.1287938565112,Month-to-Month,Fiber,No,1.0,5.0,Mailed Check,1
480,,37.57249950833371,187.86249754166857,Two Year,DSL,No,0.0,4.0,Bank Transfer,1
481,13.0,,,Two Year,DSL,No,2.0,3.0,Bank Transfer,1
482,34.0,24.233340945554886,823.9335921488662,Month-to-Month,DSL,,1.0,3.0,Bank Transfer,0
483,25.0,109.38752339606015,2734.6880849015038,Month-to-Month,Fiber,No,,,Credit Card,0
484,23.0,78.26408191372111,1800.0738840155857,Month-to-Month,Fiber,No,2.0,5.0,Mailed Check,1
485,3.0,,,Month-to-Month,No,No,1.0,3.0,Bank Transfer,0
486,8.0,65.91410423359594,527.3128338687675,Month-to-Month,Fiber,Yes,0.0,2.0,Mailed Check,0
487,46.0,98.2860902016442,4521.160149275634,Month-to-Month,DSL,No,3.0,,Electronic Check,0
488,62.0,67.64586120198473,4194.043394523053,Month-to-Month,No,No,2.0,5.0,Bank Transfer,0
489,39.0,78.27041928189382,3052.546351993859,One Year,Fiber,No,1.0,3.0,Bank Transfer,0
490,51.0,107.96573900913737,5506.252689466006,Month-to-Month,DSL,Yes,0.0,3.0,Bank Transfer,0
491,22.0,61.345821299945044,1349.6080685987909,One Year,Fiber,No,1.0,3.0,Bank Transfer,0
492,45.0,42.6841168873317,1920.7852599299263,One Year,No,No,3.0,4.0,Electronic Check,0
493,23.0,49.38748563115948,1135.912169516668,Month-to-Month,Fiber,No,,5.0,Bank Transfer,1
494,49.0,105.71659586098247,5180.1131971881405,Month-to-Month,Fiber,Yes,1.0,3.0,Bank Transfer,0
495,51.0,72.28570771285143,3686.5710933554233,One Year,Fiber,No,4.0,2.0,Mailed Check,0
496,28.0,57.44171779325814,1608.368098211228,Two Year,DSL,No,3.0,4.0,Mailed Check,1
497,,94.34110949497898,2735.8921753543905,Month-to-Month,DSL,No,1.0,3.0,Bank Transfer,0
498,59.0,94.94893464192901,,One Year,DSL,,4.0,,Credit Card,0
499,70.0,58.10880580233903,4067.616406163732,One Year,No,No,5.0,3.0,Bank Transfer,0
500,28.0,45.70157907286374,,Month-to-Month,DSL,No,1.0,,Electronic Check,0
