,customer_id,age,income,days_since_last_purchase,total_purchases,avg_purchase_value,website_visits,email_open_rate,customer_satisfaction,region,marketing_channel
0,1,56.0,22106.19727004054,8.24885606665529,4,194.62986691496548,13.0,84.11,4.0,Centro,Direct
1,2,69.0,67151.71053860527,6.380687018533278,7,135.02424812262612,3.0,89.82,5.0,Centro,Referral
2,3,46.0,82563.78278118501,75.1186794536906,5,88.21484889752955,10.0,,4.0,Norte,Referral
3,4,32.0,43747.76293402662,3.2209985611137535,4,141.3979320367264,8.0,74.53,3.0,Leste,Search
4,5,60.0,67988.54513549223,21.15403675229453,5,221.90846005728508,9.0,78.16,5.0,Norte,Email
5,6,25.0,105735.72584876242,7.486658066715754,11,158.26200250324626,8.0,73.33,5.0,Leste,Direct
6,7,38.0,54185.21217806829,1.1912398114159994,7,150.62609321648932,9.0,48.47,,Sul,Email
7,8,56.0,47323.03621276567,1.100505168339813,6,231.86058223514266,,90.53,5.0,Leste,Referral
8,9,36.0,66588.78212583326,5.779222303749806,3,78.43225764727865,9.0,92.51,4.0,Centro,Search
9,10,40.0,41527.616283469324,60.47042945612168,0,85.72004429736138,12.0,,3.0,Sul,Email
10,11,28.0,154915.52101980167,9.958581200041483,10,69.2076764516584,15.0,85.61,3.0,Oeste,Social Media
11,12,28.0,71148.89854988195,90.14874337607279,5,168.63240932400277,9.0,,4.0,Sul,Referral
12,13,41.0,49686.27469329356,26.141119475215913,5,158.32465635575622,10.0,53.63,5.0,Leste,Social Media
13,14,70.0,77165.19825845558,17.21371829445263,3,227.1368183639888,8.0,55.06,3.0,Sul,Email
14,15,53.0,66422.87864507893,26.031363035823098,4,162.17375385683852,13.0,88.55,3.0,Sul,Email
15,16,57.0,63081.12969942343,21.813430769852598,2,129.79214202603487,12.0,60.63,3.0,Oeste,Email
16,17,41.0,54178.55970470377,42.66091105648045,2,150.08974364390536,13.0,58.96,4.0,Leste,Direct
17,18,20.0,52950.08982422744,9.959305451961793,7,155.8853709230479,8.0,43.49,3.0,Centro,Referral
18,19,39.0,31486.62319638223,13.064606175678797,3,66.41193633359165,11.0,54.11,,Sul,Referral
19,20,70.0,124290.27949598827,67.35618682141562,1,285.51658221674467,16.0,,4.0,Norte,Referral
20,21,19.0,90393.95962182274,87.81783350832451,3,175.99355090509556,13.0,,5.0,Centro,Direct
21,22,41.0,80577.79549590108,66.92418687591922,7,160.50041540112946,12.0,,4.0,Sul,Email
22,23,,65936.27255701121,16.31327680492482,5,180.758199213929,9.0,48.51,4.0,Centro,Email
23,24,47.0,43377.86518120164,45.47371474654582,5,185.47054902933024,14.0,95.39,4.0,Norte,Social Media
24,25,55.0,48240.492932053254,19.40713537235045,4,142.9723257248784,9.0,59.31,4.0,Centro,Direct
25,26,19.0,33287.870726087596,20.647168498421088,5,118.43794318796498,13.0,82.92,5.0,Centro,Search
26,27,38.0,,6.870326001481352,5,179.9725343160852,8.0,80.33,5.0,Norte,Direct
27,28,50.0,40477.2115880954,26.830762907219825,3,169.2855420265726,11.0,33.55,3.0,Norte,Social Media
28,29,29.0,140136.90526339193,6.1788563242299235,3,109.50549504552959,8.0,36.14,4.0,Norte,Social Media
29,30,,102631.07378372044,12.084470087187551,6,220.9517805683632,7.0,73.04,4.0,Oeste,Social Media
30,31,61.0,72537.06807628383,57.93689535871065,6,164.66760181614916,10.0,91.94,4.0,Norte,Email
31,32,42.0,45635.94466470065,6.9608297973930915,4,186.49096811338154,9.0,43.64,4.0,Centro,Search
32,33,66.0,,2.2145081100907884,9,219.59604438399595,,58.04,5.0,Norte,Social Media
33,34,44.0,64011.69258011983,2.1451247120686388,6,151.09444105824173,16.0,75.47,5.0,Sul,Referral
34,35,59.0,104504.92498311495,84.79716879850638,5,165.84760034920578,12.0,,4.0,Norte,Email
35,36,45.0,33757.67052371029,21.212542035473987,5,190.50136192530582,,29.61,5.0,Norte,Search
36,37,33.0,89872.84580569132,15.799102494049912,4,113.75694580999739,8.0,65.26,5.0,Leste,Referral
37,38,,50962.61428280164,49.96098124985499,10,152.70258314230006,4.0,63.28,5.0,Centro,Search
38,39,64.0,55372.062520008716,54.20483996642909,6,156.2774293325574,,78.42,5.0,Centro,Search
39,40,68.0,71584.08156530632,12.112593721886627,2,102.19707241583028,16.0,83.81,3.0,Sul,Referral
40,41,61.0,46378.97597853131,35.48768331499046,4,265.8818394336939,16.0,67.29,3.0,Oeste,Direct
41,42,72.0,62539.17057918709,44.23709199177786,3,79.63532782537987,11.0,75.96,5.0,Leste,Search
42,43,69.0,44517.690044458046,31.895966170416617,2,85.0948048156421,13.0,70.57,5.0,Sul,Direct
43,44,74.0,52924.454575507385,4.9319175308414795,5,215.71132878517898,5.0,77.65,5.0,Sul,Search
44,45,20.0,97441.40389826997,62.59593848225844,6,185.66331253982713,8.0,,,Centro,Referral
45,46,54.0,,23.236870817127713,5,98.7017591259611,11.0,90.59,4.0,Leste,Search
46,47,68.0,,9.95831705821331,10,180.36445075508465,7.0,81.34,,Centro,Social Media
47,48,24.0,50649.066140983196,16.613464835633042,5,223.3925222498655,6.0,81.08,4.0,Oeste,Social Media
48,49,38.0,90165.20099693477,1.1488522710810682,5,148.4868471201507,14.0,88.7,3.0,Centro,Search
49,50,26.0,29397.35143248828,4.10439347539992,4,279.9411450037291,,53.76,,Norte,Referral
50,51,56.0,71569.71975698297,43.51497220536421,4,63.79690945659823,11.0,65.49,,Centro,Referral
51,52,35.0,92798.73466663482,0.0003490446915129697,3,184.6911726929551,13.0,75.18,4.0,Norte,Email
52,53,21.0,28784.22454891202,16.164709506398133,6,208.32641681105017,6.0,54.94,4.0,Sul,Referral
53,54,42.0,,22.176373228016192,4,194.56719508026234,12.0,71.82,,Oeste,Direct
54,55,31.0,71547.1530470884,1.6855070746949075,2,139.78221366771757,14.0,74.32,3.0,Norte,Search
55,56,67.0,107932.79777871109,108.44452608836326,9,135.47792589944254,9.0,,3.0,Oeste,Social Media
56,57,26.0,52921.21303013577,7.690360355493384,5,172.20725855436288,9.0,52.53,5.0,Centro,Referral
57,58,43.0,88609.3244350476,10.880735284025105,9,190.78772433260346,,81.73,3.0,Centro,Social Media
58,59,70.0,127873.18705196008,10.869690741718758,5,180.12367181411815,9.0,70.44,3.0,Sul,Email
59,60,19.0,90413.75662914675,7.8571809067618394,5,202.00289453966946,8.0,84.49,5.0,Centro,Search
60,61,37.0,63624.561860218884,0.04424727691155174,1,99.05650214666323,13.0,38.07,4.0,Norte,Referral
61,62,45.0,,39.20728713224062,5,138.61145104381828,5.0,66.15,5.0,Sul,Social Media
62,63,64.0,,102.19730456708247,8,102.9992033938123,7.0,,4.0,Oeste,Referral
63,64,24.0,72843.48571967754,7.61943091332633,6,130.69436119569292,10.0,92.74,5.0,Sul,Email
64,65,61.0,65075.687746726486,32.634371803817615,2,200.76104459071527,10.0,84.82,3.0,Oeste,Social Media
65,66,25.0,81519.34993718221,40.631818238418724,5,155.39919603626143,6.0,93.89,5.0,Leste,Social Media
66,67,64.0,57483.90497851124,56.600316841111045,5,280.3429581574885,,98.82,5.0,Norte,Search
67,68,,83575.45636274997,16.478117381616766,4,159.67031835948586,,89.37,4.0,Norte,Search
68,69,31.0,57225.49569878814,10.826122261780476,6,152.9845940289868,,71.58,4.0,Oeste,Social Media
69,70,34.0,,11.804397579439062,5,155.3091459720108,10.0,93.19,4.0,Centro,Search
70,71,,59958.174936613614,37.4086360797727,6,118.1095653570032,15.0,55.05,,Centro,Social Media
71,72,,22549.685097983267,50.91194251890159,5,147.10816938112032,8.0,65.77,3.0,Leste,Direct
72,73,57.0,42151.99857944556,6.012633949249195,4,206.3894013555823,,88.03,5.0,Oeste,Referral
73,74,21.0,70598.52148838309,13.905907199003412,7,155.6985334063886,12.0,85.12,4.0,Leste,Direct
74,75,,139586.6626543707,69.66533247531099,5,110.32701350582643,16.0,,4.0,Oeste,Direct
75,76,23.0,100462.11266093879,49.30435106188112,7,103.74576897606823,6.0,53.78,5.0,Leste,Referral
76,77,,20016.462091278623,125.70928616047128,6,127.48990541670783,11.0,,4.0,Oeste,Social Media
77,78,59.0,32188.104057519828,42.10300314960123,4,153.69317172054403,,77.71,,Norte,Social Media
78,79,21.0,113987.5218940436,14.986443686509933,8,209.6793267738131,8.0,53.82,5.0,Leste,Search
79,80,71.0,,26.79465069899874,4,82.97556793167816,8.0,67.34,5.0,Leste,Email
80,81,,,32.45391661238773,3,134.0086861055622,,88.65,3.0,Oeste,Social Media
81,82,35.0,56145.13986761485,2.4511366636449337,5,157.21550097175395,14.0,86.14,5.0,Sul,Referral
82,83,,45915.223126869074,23.590586590572315,10,58.314711618528264,17.0,52.58,3.0,Sul,Email
83,84,61.0,72344.7140270526,37.06605370070483,6,108.32008585167968,9.0,60.05,4.0,Norte,Referral
84,85,51.0,55634.88609046561,5.493222909388341,4,116.00557301319068,11.0,50.93,,Centro,Referral
85,86,27.0,109289.8182034387,45.51009917922335,3,110.20148130747509,,55.26,4.0,Centro,Referral
86,87,53.0,54740.046023921874,26.295719014408284,3,159.59447725108237,2.0,89.45,4.0,Norte,Email
87,88,31.0,61614.16012975083,91.23556533331542,5,141.97201952491014,10.0,,4.0,Centro,Direct
88,89,48.0,42833.189245253176,1.3004523156633752,2,122.23569486994819,12.0,92.42,5.0,Oeste,Referral
89,90,,97505.94930817552,9.24985808428314,6,171.39813132763175,9.0,65.27,,Sul,Search
90,91,32.0,44168.698432560035,27.605489854867315,2,236.1537358823125,10.0,42.84,5.0,Norte,Social Media
91,92,,84269.63790389251,10.553177073139057,5,231.96282583708762,17.0,73.43,4.0,Oeste,Social Media
92,93,31.0,150127.05043211958,37.59742980566277,2,53.861411396883184,12.0,68.07,5.0,Norte,Social Media
93,94,40.0,26734.84343686157,42.689407947295436,6,178.853609191757,5.0,72.42,4.0,Sul,Email
94,95,74.0,130529.22689631957,3.2447983811578225,3,141.09883549680808,11.0,94.62,,Centro,Search
95,96,57.0,79469.57606070422,21.637417306352276,5,157.7577671432678,9.0,52.01,,Oeste,Search
96,97,38.0,39496.967785034234,21.332648249694465,2,130.08584832287258,11.0,73.32,5.0,Sul,Search
97,98,33.0,73604.96927086904,13.826834285617704,6,155.87943149436012,7.0,84.54,5.0,Norte,Search
98,99,62.0,96249.52638255183,81.05825501301527,6,157.57036980360093,17.0,,3.0,Leste,Search
99,100,35.0,47382.92491310307,52.72184040384245,7,121.05241213255384,,73.66,4.0,Oeste,Direct
100,101,64.0,86415.6843357988,35.84141225245139,6,105.18162260874095,14.0,77.44,4.0,Norte,Search
101,102,70.0,135356.3429755729,37.58718611476649,6,127.56521586902579,14.0,77.25,5.0,Norte,Search
102,103,41.0,54707.067449874696,18.581077326878276,4,161.71296322283828,14.0,85.01,5.0,Sul,Email
103,104,43.0,42580.49205575968,76.14714227136113,4,179.9498170842132,6.0,,5.0,Norte,Email
104,105,42.0,66002.63784857755,35.58353740002627,7,192.66744886700732,8.0,86.24,5.0,Oeste,Search
105,106,62.0,71821.26436542836,39.166997320658496,5,125.29049884665436,14.0,67.65,5.0,Oeste,Direct
106,107,58.0,111779.03534818081,59.34792812614715,5,164.19222836513683,,57.43,3.0,Norte,Search
107,108,46.0,65003.77686538609,9.609116307863236,8,198.1251295976649,9.0,95.09,5.0,Sul,Search
108,109,32.0,,49.362976053737974,4,208.2797447572064,9.0,77.91,5.0,Oeste,Search
109,110,62.0,42059.22177941967,6.516357956970998,2,147.05835729342388,17.0,28.34,5.0,Leste,Referral
110,111,18.0,28903.786938224115,12.709267324980434,3,138.95341375301936,9.0,77.09,4.0,Centro,Direct
111,112,42.0,35968.46646128469,12.266599088106837,4,159.5562116918196,8.0,84.78,,Sul,Social Media
112,113,24.0,35862.181516081284,115.22662866757847,6,92.5146263551297,,,4.0,Sul,Search
113,114,26.0,,58.250390291173275,9,140.3195244482246,13.0,79.53,4.0,Centro,Social Media
114,115,,31716.371453099724,36.23639897954664,3,187.2293199236565,,56.06,3.0,Centro,Direct
115,116,18.0,,38.95474270260643,5,182.09735647218506,13.0,79.65,4.0,Oeste,Search
116,117,61.0,148631.7816296096,24.771077390523928,3,136.48661978180556,7.0,73.19,4.0,Norte,Social Media
117,118,,113218.322394771,88.17526591527604,2,160.88591005435833,16.0,,4.0,Norte,Social Media
118,119,41.0,61643.51656414517,20.570776239631677,4,108.76748298546562,13.0,51.76,4.0,Leste,Direct
119,120,28.0,,14.366134970465126,9,185.17460741125123,15.0,86.33,,Norte,Search
120,121,68.0,71936.48409829538,5.339202838204551,4,146.10892819317635,12.0,63.64,5.0,Leste,Referral
121,122,,76616.86655308878,46.282221536493594,5,136.20242741519309,,53.76,5.0,Leste,Direct
122,123,,65425.61396608354,39.777878459166075,8,131.91380819533066,9.0,87.97,,Sul,Referral
123,124,,68944.02759082803,14.552545285472528,8,146.8553066550071,11.0,78.98,5.0,Sul,Search
124,125,52.0,53826.306501883424,0.7654860286317323,5,127.60611775340209,8.0,68.45,5.0,Oeste,Social Media
125,126,50.0,62058.5976298235,54.790029483319245,3,182.90715180012816,,42.52,,Centro,Direct
126,127,22.0,130919.82369566412,0.34451007312790666,9,130.23582259919095,13.0,73.4,4.0,Centro,Direct
127,128,59.0,118639.00167304829,36.491462419807135,2,229.64820480136905,8.0,76.16,4.0,Leste,Direct
128,129,56.0,22016.935160632176,105.45495473819436,8,223.26052517406904,6.0,,4.0,Centro,Email
129,130,58.0,33579.753546569045,17.269529749108766,7,105.42282550727477,14.0,89.25,5.0,Leste,Search
130,131,45.0,47699.833036870186,8.035340431461208,6,153.48521347146402,14.0,93.18,4.0,Centro,Email
131,132,24.0,104907.58608016564,36.61028292359394,9,117.46716893319025,7.0,88.2,3.0,Oeste,Direct
132,133,26.0,119816.08083347655,50.969088030279764,3,133.66762184056944,10.0,93.35,5.0,Sul,Direct
133,134,25.0,,23.718190895667018,6,250.12137338223985,5.0,65.69,3.0,Sul,Referral
134,135,29.0,39418.19098451697,102.3695170920925,7,134.62142914421003,,,5.0,Leste,Email
135,136,51.0,54342.09665821762,1.5915416412768493,7,168.01130185387143,9.0,78.67,,Centro,Social Media
136,137,50.0,87085.1258333009,21.08354006785721,5,177.0660647004139,16.0,67.15,3.0,Norte,Search
137,138,65.0,62497.77891219149,38.023777420493346,5,99.96853137583797,13.0,64.62,4.0,Oeste,Social Media
138,139,72.0,58543.3284926235,59.55460477292037,1,107.24522627953976,12.0,89.76,3.0,Centro,Social Media
139,140,40.0,58942.74676293716,5.926306804798647,7,89.69888142959405,16.0,96.0,4.0,Norte,Search
140,141,41.0,114687.53093407858,48.28365964212128,4,105.70146330511116,14.0,74.15,3.0,Oeste,Direct
141,142,54.0,91031.17786943188,24.136247621994894,7,10.0,,76.17,4.0,Oeste,Referral
142,143,52.0,60441.01611447839,15.152945805083379,5,177.2291200396814,7.0,92.65,4.0,Sul,Direct
143,144,61.0,81108.65238771816,4.237059303434782,5,252.7096920628035,,53.8,,Leste,Direct
144,145,57.0,,60.14021131812765,3,157.39103695182635,8.0,,5.0,Centro,Email
145,146,39.0,54391.30348843229,5.1333739162893295,5,79.18655703296963,7.0,65.5,3.0,Oeste,Social Media
146,147,44.0,,11.122688346672973,5,117.8611808550026,10.0,52.92,3.0,Centro,Social Media
147,148,52.0,30704.904162968323,10.276633215831625,4,127.05615774875015,15.0,66.66,4.0,Oeste,Social Media
148,149,18.0,91530.44230430435,61.5347281110093,3,99.12076113933122,6.0,,4.0,Sul,Referral
149,150,52.0,,33.50661737178388,3,193.00913191975783,9.0,85.69,4.0,Leste,Referral
150,151,54.0,140616.89273840116,47.78943174931922,5,190.5130022187667,7.0,69.63,,Norte,Referral
151,152,64.0,,8.649183965796787,10,92.22741030911702,11.0,84.01,5.0,Norte,Search
152,153,31.0,83746.38910511283,29.414807249296985,2,186.2540522223754,12.0,89.86,4.0,Sul,Referral
153,154,20.0,73767.02193554612,25.441162863676077,5,226.34063317886324,6.0,69.8,,Oeste,Email
154,155,18.0,74984.16001543887,53.662388225787524,3,245.127910261478,4.0,52.92,4.0,Sul,Email
155,156,22.0,80455.1264867373,70.96161303630223,4,293.2606011542981,12.0,,5.0,Leste,Direct
156,157,43.0,27921.294696158137,0.3669380822691375,6,104.90036752784013,11.0,79.35,4.0,Norte,Direct
157,158,72.0,75683.93086606447,33.62757002668608,3,291.21102131976016,8.0,54.72,,Centro,Direct
158,159,31.0,64205.90624129219,1.5968275213866823,4,132.28968057456058,11.0,70.5,4.0,Norte,Direct
159,160,56.0,53926.048595264525,23.87923822109669,4,120.37672723097428,10.0,70.54,3.0,Leste,Email
160,161,44.0,47687.588092014856,10.17485011709658,5,166.35361874389227,6.0,84.5,4.0,Oeste,Direct
161,162,26.0,76539.82020114332,10.992088935883856,8,120.89693329534938,8.0,80.41,5.0,Sul,Email
162,163,32.0,42842.320318534825,13.060345490373514,5,169.9522070323263,13.0,63.01,4.0,Norte,Referral
163,164,32.0,108924.58926317275,29.129730154147836,6,83.99614061313491,16.0,68.15,4.0,Norte,Referral
164,165,43.0,86457.79612250521,12.19621904348502,3,138.06236989682827,9.0,80.87,5.0,Centro,Search
165,166,59.0,78628.38385810763,39.58140311978306,4,214.27911171808398,10.0,65.61,4.0,Sul,Direct
166,167,30.0,106915.28298617942,15.551996363214876,5,147.1469354284422,8.0,90.33,4.0,Centro,Referral
167,168,,25688.606741468575,2.1240451924076638,6,157.07978933699414,12.0,86.91,3.0,Centro,Referral
168,169,49.0,36184.75870513335,45.94096945750001,7,173.76293023586558,10.0,92.07,4.0,Oeste,Social Media
169,170,56.0,88149.59801686437,10.096016788551415,5,208.53308146588301,14.0,86.65,4.0,Norte,Social Media
170,171,66.0,49018.42841324116,17.009547379828287,2,67.23876439052835,8.0,84.88,4.0,Sul,Email
171,172,69.0,51995.518516091004,34.69778361095477,6,179.22620259187173,14.0,82.76,5.0,Oeste,Search
172,173,,33596.646726064646,12.124506260714934,4,136.59304303791183,12.0,52.99,5.0,Oeste,Social Media
173,174,21.0,42900.731945536005,1.7474911147169427,2,158.33189476559193,9.0,97.51,5.0,Oeste,Search
174,175,47.0,109993.51902620858,14.04836378556442,4,202.99750848811883,12.0,40.84,4.0,Leste,Referral
175,176,,87233.01458505567,86.71338747504097,2,90.29066742940779,,,4.0,Leste,Email
176,177,40.0,76161.82090483812,30.794419820133363,3,99.36777792784552,,82.41,3.0,Oeste,Search
177,178,56.0,,33.39464906085124,4,53.22850201430968,10.0,83.49,3.0,Leste,Social Media
178,179,,74028.4689296648,30.013180702084156,7,122.54205291181118,20.0,70.49,5.0,Sul,Referral
179,180,32.0,114235.24385522082,6.656535537863178,5,216.52161721894083,,63.58,4.0,Norte,Direct
180,181,60.0,49597.3486769314,16.255759365326767,5,143.97064057632653,9.0,59.71,5.0,Sul,Referral
181,182,,68872.35328525264,41.70181914296022,7,82.99375521726071,15.0,81.71,,Norte,Social Media
182,183,53.0,144487.1893232582,3.206613661630909,9,125.71606277124765,,91.18,4.0,Leste,Social Media
183,184,,95529.52109485291,9.76578748929885,7,75.60691482546885,14.0,71.79,4.0,Sul,Direct
184,185,49.0,53310.07471436745,9.70214223924306,6,93.74069491344191,13.0,65.31,4.0,Centro,Referral
185,186,24.0,92144.01348855293,16.970015521379427,6,169.44094551318565,9.0,87.6,5.0,Oeste,Search
186,187,68.0,30451.27561214764,117.91896399838967,9,91.30633368469856,13.0,,5.0,Norte,Search
187,188,39.0,67615.67685610778,2.0966657548836896,2,205.6317152601651,11.0,71.54,,Norte,Referral
188,189,45.0,92099.73476700735,21.937997061178418,3,146.4439854584832,6.0,87.11,,Centro,Search
189,190,19.0,83056.70407102317,5.930293820265339,9,154.27973519722627,9.0,92.94,,Centro,Referral
190,191,59.0,,105.88102755677322,3,136.0813516196053,14.0,,4.0,Oeste,Referral
191,192,62.0,100648.43926316759,3.6075757546662754,8,188.64239192718617,13.0,85.52,4.0,Leste,Social Media
192,193,74.0,85958.26536465572,15.505361303392162,5,189.15799438885054,8.0,56.39,5.0,Sul,Email
193,194,70.0,84864.4730386633,40.16915647103124,4,166.75271759560857,5.0,73.98,4.0,Sul,Social Media
194,195,23.0,76947.82497220837,36.57811946109468,9,178.2394552953824,13.0,61.71,4.0,Sul,Search
195,196,45.0,40488.265946849024,16.48328469059729,2,139.3955165039787,5.0,97.54,5.0,Leste,Email
196,197,45.0,109972.10634848593,12.763491867954613,5,177.11015034545244,11.0,72.83,4.0,Oeste,Referral
197,198,61.0,68726.07365785175,15.205624543023777,10,133.10611122630965,9.0,87.78,4.0,Sul,Search
198,199,61.0,94486.76226996207,9.20701764810118,5,150.1115811081201,13.0,92.84,,Norte,Direct
199,200,37.0,105018.18808337332,6.894961286140124,4,136.26781253168514,10.0,75.26,4.0,Norte,Search
200,201,47.0,54574.40885114609,19.793675756051403,7,127.13907303404021,8.0,51.06,4.0,Norte,Email
201,202,28.0,56843.55280962179,9.381126178618054,3,115.54441011391049,10.0,84.1,4.0,Centro,Email
202,203,72.0,60452.014991544966,10.167646939011414,6,173.3845051929443,7.0,81.34,5.0,Centro,Referral
203,204,45.0,,32.07941698149553,3,215.53029564067316,9.0,53.77,5.0,Leste,Direct
204,205,42.0,44828.89269105155,103.76860707918947,3,208.55509858347796,9.0,,5.0,Sul,Referral
205,206,56.0,128135.29705783316,27.76275980828002,4,87.17173320272823,8.0,92.01,4.0,Centro,Direct
206,207,50.0,76564.22447596407,2.4031139657983527,1,214.46015257034367,,68.43,5.0,Norte,Direct
207,208,18.0,79014.89467890267,2.3577802346565324,2,134.09207491910357,8.0,29.63,4.0,Centro,Referral
208,209,74.0,102965.62021123378,90.73828972297291,4,180.03665075727957,15.0,,3.0,Norte,Search
209,210,44.0,72700.30253998075,10.584363441550783,5,104.68923339763944,10.0,61.87,3.0,Sul,Social Media
210,211,74.0,110512.82397449006,2.897540289624203,8,157.09899569370026,4.0,31.14,,Leste,Direct
211,212,69.0,54540.27740426125,27.417151432764722,7,165.68615914484536,5.0,49.11,3.0,Oeste,Email
212,213,30.0,126319.28778916375,29.316974139017518,7,75.76976040401736,13.0,59.88,4.0,Oeste,Referral
213,214,58.0,56533.691704710014,31.366778424693955,2,180.41335831720946,8.0,67.04,5.0,Norte,Search
214,215,20.0,128446.19643047196,9.334745900086979,6,217.29675039191577,8.0,77.84,3.0,Centro,Direct
215,216,56.0,57248.09695992746,0.4567804165467334,8,141.2676027159186,11.0,85.17,5.0,Centro,Search
216,217,,,100.58539323623889,6,218.00840654140063,10.0,,3.0,Norte,Referral
217,218,25.0,42243.23355967543,8.666205285577975,4,140.51532532737963,9.0,72.91,3.0,Sul,Email
218,219,44.0,47951.67783048366,33.812787073384825,4,192.47922655233086,8.0,55.47,4.0,Norte,Direct
219,220,26.0,68882.08566941114,36.78960673350228,4,39.07150170244502,8.0,83.61,4.0,Sul,Direct
220,221,54.0,77867.01165435617,28.24882674575459,1,270.9388889656732,9.0,58.15,,Leste,Search
221,222,50.0,106985.40941724429,11.258585954522676,6,224.77291226214786,4.0,73.49,3.0,Leste,Referral
222,223,68.0,,9.486407730976978,8,135.76872478731605,9.0,90.73,4.0,Norte,Social Media
223,224,59.0,39558.22294850559,27.31435089661077,7,51.395548667809095,11.0,94.46,3.0,Leste,Direct
224,225,61.0,83137.05982207104,60.318882524819706,7,164.40141841527446,13.0,,5.0,Centro,Email
225,226,41.0,75533.38571074216,87.9735588282769,6,77.80372264631215,11.0,,4.0,Sul,Direct
226,227,32.0,87200.49838870011,3.358324354722814,6,172.2426768778744,12.0,66.84,3.0,Oeste,Direct
227,228,71.0,51301.71959647564,5.04647540589291,4,170.5782859582141,,96.09,5.0,Oeste,Social Media
228,229,49.0,54165.017447179365,86.86914779096757,3,102.92984154989875,8.0,,3.0,Leste,Social Media
229,230,49.0,51311.01444109306,40.01506841426168,6,206.0483511807189,,89.76,5.0,Sul,Referral
230,231,41.0,116029.64321277263,64.36585699033341,3,190.27873514030867,6.0,,5.0,Centro,Direct
231,232,58.0,126855.9030013309,6.793193116499762,10,198.79116686442816,10.0,89.7,5.0,Oeste,Direct
232,233,69.0,53086.64917147342,26.57181801794127,5,150.44288518344476,17.0,62.21,4.0,Centro,Search
233,234,66.0,53587.3717093268,36.233360567132436,6,79.22379665431467,4.0,82.38,4.0,Centro,Search
234,235,66.0,,34.19351959047533,6,198.89361361055688,8.0,81.63,3.0,Oeste,Email
235,236,69.0,133071.8219067924,15.735147345118301,4,136.48143004321045,8.0,73.42,4.0,Oeste,Email
236,237,29.0,145808.518214301,0.4654387039324492,6,80.51099284036654,7.0,79.08,4.0,Leste,Search
237,238,,51961.74940508096,26.234752532720137,5,217.60196829871632,15.0,71.9,4.0,Sul,Email
238,239,19.0,,8.754780971355435,3,254.97037602512546,6.0,69.73,5.0,Norte,Direct
239,240,20.0,79677.70017611723,17.94898120043101,2,147.93759355103984,5.0,56.54,,Sul,Social Media
240,241,66.0,81406.56690587438,94.8047777850163,3,257.9560577301646,6.0,,5.0,Norte,Direct
241,242,54.0,64421.381308262484,15.276573329091365,2,154.56573643056748,9.0,70.5,5.0,Oeste,Search
242,243,,47187.77203321059,54.940268205433256,8,130.97720479168245,14.0,67.04,4.0,Centro,Referral
243,244,73.0,68932.04102597713,6.267627935138896,7,118.47707729072613,12.0,78.55,4.0,Sul,Referral
244,245,34.0,145738.7764000777,33.484398433889176,4,231.8541203996371,7.0,69.91,4.0,Centro,Search
245,246,66.0,54531.41979132483,113.17690427056993,3,110.99280593061141,7.0,,5.0,Sul,Direct
246,247,19.0,77504.84593348122,3.2239852926188286,3,186.76346549874938,6.0,57.27,,Sul,Email
247,248,19.0,187958.49459674206,0.2506423837573457,6,122.04180824703958,10.0,67.88,4.0,Centro,Email
248,249,,,17.052730704752065,5,126.98466187128184,11.0,84.7,4.0,Leste,Referral
249,250,71.0,94502.22951302891,2.9159998721582996,1,201.51248469847835,7.0,66.14,5.0,Oeste,Search
250,251,40.0,148511.43570728955,41.39557658687283,8,130.9981576855323,6.0,89.28,5.0,Leste,Search
251,252,54.0,90936.76348436829,73.79424698688948,9,129.76023102898534,12.0,,4.0,Leste,Social Media
252,253,49.0,112422.70605600488,17.07594767163713,4,206.64023485874037,8.0,81.59,,Sul,Referral
253,254,50.0,100094.66320466292,8.980967474859577,7,229.86986466108115,9.0,81.13,4.0,Oeste,Search
254,255,18.0,87757.76205688901,17.096220976000364,3,182.23449016421165,11.0,84.06,,Sul,Social Media
255,256,36.0,125017.9318163738,38.56067255868178,7,117.26151121880254,12.0,91.9,5.0,Norte,Email
256,257,19.0,,0.2728619882168583,5,124.46957503512103,8.0,33.16,5.0,Sul,Referral
257,258,70.0,64723.197228348035,26.70801816868434,6,153.99576318700187,13.0,80.56,5.0,Centro,Referral
258,259,61.0,,28.502537335564373,8,166.0465030962829,7.0,85.0,4.0,Sul,Search
259,260,43.0,,30.457507240595035,2,100.6067044930114,10.0,93.65,4.0,Norte,Search
260,261,49.0,58012.292493404544,8.313030690792049,4,186.1518969789932,12.0,38.59,,Sul,Direct
261,262,23.0,76376.70653956024,37.5584349789701,9,154.27566648197995,9.0,58.85,3.0,Norte,Email
262,263,49.0,71515.52365424961,2.87522866817508,4,64.21458406809353,,75.5,,Oeste,Email
263,264,,,6.6669566276819525,4,103.55367587696348,12.0,45.07,5.0,Sul,Social Media
264,265,21.0,,62.981992853415626,3,124.79356631741682,11.0,,3.0,Norte,Social Media
265,266,72.0,78395.90472218468,40.265241259359875,4,146.35711555794725,9.0,57.11,5.0,Oeste,Direct
266,267,28.0,134566.5930726914,0.4152269657677945,4,244.4639397751998,7.0,59.05,4.0,Centro,Email
267,268,73.0,,8.565582794510423,6,161.90856530698142,7.0,49.57,4.0,Leste,Social Media
268,269,34.0,76222.61269793728,7.239473227754179,7,107.96140550506874,6.0,89.42,,Norte,Email
269,270,55.0,56507.5303448049,9.474477428078334,3,161.03154021535815,8.0,63.78,3.0,Centro,Email
270,271,41.0,76479.46953503456,8.533011433713673,6,132.39561262730595,12.0,48.0,3.0,Oeste,Social Media
271,272,22.0,74397.71918487921,1.936997109699441,8,166.23791197667708,14.0,53.37,5.0,Centro,Search
272,273,69.0,49676.082718782796,18.426781660264066,7,179.02838435178074,9.0,93.83,,Sul,Search
273,274,51.0,,39.58526690097811,3,210.4615323611969,13.0,80.24,5.0,Leste,Social Media
274,275,23.0,82948.30895920095,27.99789797084752,4,148.7856752164987,10.0,82.83,5.0,Norte,Direct
275,276,39.0,133969.84521178625,33.522082029094406,6,231.94802637999166,7.0,53.4,3.0,Oeste,Referral
276,277,28.0,67890.99041996186,2.538944904845849,8,195.40113312680955,6.0,67.67,5.0,Leste,Email
277,278,,32781.903716167035,90.77999869902041,3,114.6280227593906,6.0,,4.0,Oeste,Referral
278,279,33.0,20190.368109066225,54.69598719474868,4,260.4927832874232,12.0,64.46,5.0,Centro,Social Media
279,280,50.0,41848.95292067103,49.056569984645925,3,166.3497256635049,7.0,82.68,3.0,Oeste,Email
280,281,26.0,95553.62360967616,51.945421609641926,8,108.24377480138824,7.0,72.75,3.0,Oeste,Referral
281,282,23.0,36169.578486317754,80.96253579589151,1,232.6456525615211,11.0,,3.0,Centro,Search
282,283,33.0,102247.545262394,23.574587035501057,3,253.88887925992225,13.0,72.37,4.0,Centro,Direct
283,284,46.0,93253.42556641836,6.704884073980411,7,148.34873681402198,15.0,60.35,5.0,Leste,Referral
284,285,20.0,66835.26311014948,28.77466370392735,5,124.81748698122018,9.0,71.28,5.0,Norte,Direct
285,286,37.0,,40.74654558704506,9,141.3812521273169,13.0,73.99,5.0,Centro,Search
286,287,53.0,49888.113736523024,40.17286597120202,5,185.736586375885,6.0,56.94,,Leste,Referral
287,288,36.0,62470.422125489786,22.109776235901457,4,213.8928327515257,9.0,92.68,,Oeste,Social Media
288,289,43.0,82038.83535290483,2.1274432076111123,5,178.52436654317867,,67.19,4.0,Oeste,Email
289,290,20.0,36773.09463635882,13.914107722688835,7,155.0861604235885,11.0,93.17,3.0,Sul,Search
290,291,36.0,127979.55196307274,76.06072376109799,3,224.9005885152214,5.0,,3.0,Centro,Direct
291,292,37.0,81703.2267365326,26.34449134119245,6,134.3581763474239,14.0,88.87,4.0,Leste,Direct
292,293,49.0,85868.11920250033,23.187274141046586,7,201.54596691834536,,35.44,,Leste,Search
293,294,24.0,92960.34072482452,9.394243457575916,4,135.59686008243608,8.0,50.91,4.0,Norte,Social Media
294,295,69.0,122506.57383865406,13.787293606594416,4,171.55114790054466,14.0,80.06,3.0,Leste,Social Media
295,296,58.0,76563.06843917696,67.71289380177018,4,144.32187176047742,11.0,,4.0,Centro,Direct
296,297,50.0,95579.43703738757,32.94004853238196,3,147.20739086735946,10.0,96.94,5.0,Leste,Search
297,298,,50290.33417392839,46.44845379224881,4,131.13067412688952,15.0,73.64,3.0,Sul,Search
298,299,56.0,,18.173074392638956,2,217.24270155903474,13.0,64.14,5.0,Oeste,Email
299,300,35.0,74233.6518326237,29.847619720650652,7,113.35369809457325,5.0,59.59,4.0,Oeste,Direct
300,301,57.0,50169.321885628124,8.565876095890145,6,112.98838737256457,11.0,52.03,5.0,Leste,Social Media
301,302,,56514.55901372552,36.67029841811953,7,256.04967829225546,,83.16,3.0,Leste,Referral
302,303,28.0,,16.73758683967087,5,198.89237823271657,13.0,79.85,4.0,Leste,Social Media
303,304,45.0,56342.70818331251,17.531232597119256,4,30.74431506534819,11.0,60.66,4.0,Leste,Social Media
304,305,74.0,20000.0,31.43663343159611,5,121.73706303947982,10.0,66.79,5.0,Sul,Referral
305,306,,98675.02923347536,82.59799641329215,4,59.4005331218973,6.0,,4.0,Centro,Direct
306,307,67.0,,1.9843974927689725,7,102.46546532923725,12.0,98.9,4.0,Sul,Email
307,308,40.0,43109.08015493651,52.24509495621455,5,10.0,,79.87,5.0,Sul,Social Media
308,309,48.0,68465.32929871006,10.375573444384067,6,143.1505211153029,11.0,53.28,4.0,Sul,Social Media
309,310,47.0,69883.32927090621,17.60526387683689,5,92.90290904193442,12.0,84.21,3.0,Oeste,Direct
310,311,59.0,38774.01401586716,0.6647097596840817,2,152.99526283982192,6.0,76.14,4.0,Sul,Direct
311,312,52.0,63081.29372769277,10.745113757089165,4,68.74393705587376,8.0,80.49,4.0,Leste,Search
312,313,24.0,70874.81999458998,20.952706844028878,4,154.145592658602,12.0,81.52,4.0,Sul,Direct
313,314,33.0,62292.13693773127,1.7344695854386498,6,129.25418609398363,12.0,85.14,4.0,Leste,Direct
314,315,,,20.26486060691924,11,225.09764825942977,12.0,33.35,5.0,Centro,Social Media
315,316,65.0,42301.591268188844,78.56437353373735,6,220.56784308728123,13.0,,5.0,Oeste,Email
316,317,,61280.68407067841,3.3411302127247375,8,189.26728015051415,9.0,67.67,,Centro,Social Media
317,318,69.0,53074.98992145035,43.37378135216404,5,133.66931096693938,16.0,60.41,3.0,Centro,Direct
318,319,66.0,90241.3347326511,15.812260823919752,3,249.26901976301468,13.0,57.84,5.0,Oeste,Search
319,320,19.0,125839.98324784638,31.941435273603695,5,72.34823610800896,8.0,59.4,5.0,Leste,Email
320,321,18.0,104439.59099782932,9.042746127436956,1,79.82206852181687,10.0,54.95,5.0,Leste,Search
321,322,65.0,71950.07825998274,5.212473611855499,8,145.81084500554675,12.0,57.2,3.0,Leste,Referral
322,323,29.0,51059.856327306545,5.247128103846568,6,262.70190544605595,4.0,97.41,5.0,Oeste,Search
323,324,22.0,103198.920866699,2.1929941980201506,4,139.88305465649563,9.0,29.52,5.0,Sul,Search
324,325,54.0,,6.1608295103306725,7,140.83773783953592,,84.43,3.0,Norte,Direct
325,326,,121954.07402892807,32.738917913589965,1,77.90448219440954,5.0,55.8,4.0,Sul,Direct
326,327,72.0,76600.17120518492,64.03356456774586,7,197.2964792635189,5.0,,4.0,Sul,Direct
327,328,26.0,142664.89149098203,50.48053687984223,3,197.6588127164677,8.0,58.31,4.0,Centro,Direct
328,329,58.0,76610.87931079432,34.66827334909371,9,189.4537600699955,10.0,74.29,5.0,Norte,Direct
329,330,52.0,50942.28207971881,3.5105752143189446,4,118.53896635763188,8.0,33.74,5.0,Leste,Search
330,331,,55461.89687491045,10.24039564453289,2,114.66466158134972,10.0,45.97,5.0,Sul,Referral
331,332,65.0,88345.34610850988,11.123514891478907,4,85.34388747975147,14.0,98.91,5.0,Oeste,Direct
332,333,33.0,53007.09365327182,8.628740078886057,6,154.19362508804667,,67.97,4.0,Sul,Referral
333,334,20.0,142226.72386116328,21.708541728519805,2,95.97963353607491,5.0,65.74,4.0,Leste,Referral
334,335,37.0,85111.75696102211,23.00728748819532,1,91.12917473753556,9.0,73.33,5.0,Sul,Social Media
335,336,41.0,,13.242997137517733,7,128.8154641544662,,57.51,4.0,Centro,Social Media
336,337,71.0,73961.94185947697,13.098883463544963,7,125.5421912407892,10.0,84.86,3.0,Centro,Email
337,338,73.0,61986.875795646774,52.904887529312624,6,123.10107355890224,6.0,56.03,4.0,Sul,Social Media
338,339,50.0,28657.83427968993,46.71858048807235,8,173.32222984201306,10.0,88.53,,Centro,Direct
339,340,,55481.30355166172,11.036229778701111,7,153.95239010751396,9.0,65.88,4.0,Oeste,Referral
340,341,69.0,134393.002065814,73.528531455085,5,135.5921984744441,8.0,,3.0,Norte,Email
341,342,28.0,77527.87126503237,91.61038781538015,6,159.1506464155741,5.0,,3.0,Sul,Social Media
342,343,66.0,109707.1848662126,11.868824093633707,6,100.42364794476839,18.0,93.69,5.0,Oeste,Search
343,344,25.0,,13.128414213725593,7,155.2639311954839,21.0,69.82,5.0,Oeste,Email
344,345,,68759.58279784326,21.134383673125804,6,157.5301246422317,14.0,52.13,5.0,Oeste,Direct
345,346,55.0,93336.68863893424,84.96802813444059,3,74.84765703212597,16.0,,4.0,Leste,Referral
346,347,57.0,30336.682432044865,62.701593326783616,3,199.78468771851811,11.0,,5.0,Sul,Direct
347,348,37.0,129574.0987393702,3.246536574421628,1,105.92831473865022,,83.43,5.0,Sul,Direct
348,349,52.0,124919.33318330727,14.963490007021429,5,154.51548996032176,,72.81,4.0,Sul,Search
349,350,65.0,,24.18082294404521,3,208.22058702676352,18.0,71.92,5.0,Norte,Search
350,351,42.0,78791.10476740212,20.982954983522045,9,196.28383788569346,7.0,75.46,3.0,Oeste,Referral
351,352,52.0,69175.21422184653,6.465049800245323,8,151.71666942844178,6.0,77.89,5.0,Sul,Social Media
352,353,42.0,115292.00952347356,58.73090210867559,4,131.87504985589658,9.0,48.12,4.0,Centro,Direct
353,354,,98101.6770845001,33.8975891456417,2,197.37559542877835,,54.22,4.0,Leste,Social Media
354,355,35.0,20000.0,54.58780548898322,3,183.73474889043098,12.0,71.2,,Norte,Referral
355,356,63.0,,58.71975020416285,2,119.0817489977935,9.0,61.71,4.0,Leste,Direct
356,357,35.0,39625.86297420315,41.39217921509254,4,110.25531764991548,10.0,89.93,4.0,Oeste,Social Media
357,358,19.0,35870.42482545056,17.352295417142315,4,46.382240915200086,13.0,90.24,5.0,Centro,Direct
358,359,71.0,114754.95925521108,28.290343782811494,5,157.70159208417937,14.0,92.48,5.0,Oeste,Search
359,360,52.0,68490.58061266864,5.243654672199102,8,145.86511274908005,10.0,98.05,5.0,Sul,Search
360,361,33.0,86623.64768774362,33.59312436748671,6,206.8095687321271,11.0,50.47,3.0,Leste,Email
361,362,58.0,72518.9383891187,5.926220681817065,3,167.95275467401834,,73.97,5.0,Centro,Referral
362,363,53.0,36113.52514430433,35.52016361107429,5,216.71145970863452,12.0,94.5,4.0,Leste,Social Media
363,364,50.0,,7.825290933301939,6,115.13178860419146,,43.43,5.0,Norte,Direct
364,365,21.0,57023.71692670098,3.7516386703848847,3,206.90751654838093,8.0,90.0,3.0,Centro,Email
365,366,50.0,59299.27180661218,5.419929568291455,8,123.55418104476723,11.0,95.84,4.0,Norte,Referral
366,367,31.0,59281.705373145625,0.05982366479131877,8,188.8798030896136,12.0,94.13,5.0,Centro,Referral
367,368,38.0,60086.52184266492,38.054232355387924,5,77.06208037346532,13.0,90.11,5.0,Sul,Referral
368,369,65.0,161162.16935818965,39.54797612951404,4,161.75676496830943,6.0,62.59,4.0,Leste,Social Media
369,370,37.0,,21.704069238811535,2,50.765602927704506,11.0,46.59,5.0,Leste,Search
370,371,73.0,78026.25602974999,5.279312605222647,6,136.64312570291227,16.0,72.24,3.0,Oeste,Email
371,372,25.0,67705.39331897492,2.6175750457206273,5,172.01769969389568,14.0,80.8,5.0,Centro,Social Media
372,373,24.0,68800.77589659221,0.57942876951449,6,123.95157243844521,10.0,63.73,4.0,Centro,Direct
373,374,20.0,96525.19299435044,5.436599283452037,7,97.47811856220163,,43.72,,Norte,Social Media
374,375,34.0,67416.92446054972,66.45248721448904,3,192.30592346479668,7.0,,,Centro,Direct
375,376,50.0,104088.56074257309,8.293831594855064,9,144.82686050765383,11.0,63.74,,Leste,Direct
376,377,65.0,81838.47885787662,13.121276238032813,2,125.52146764846643,3.0,65.45,5.0,Centro,Referral
377,378,29.0,,3.339529542329002,0,152.09479605771384,4.0,92.31,,Oeste,Social Media
378,379,68.0,,7.544797939850491,6,281.8334570972794,11.0,78.43,4.0,Oeste,Search
379,380,39.0,112399.56536423597,21.97065003057493,4,207.6751424890772,11.0,85.64,4.0,Leste,Direct
380,381,72.0,41421.01305253891,28.075881829852197,6,208.128683409392,8.0,69.13,4.0,Leste,Referral
381,382,39.0,51670.59821051749,8.445128397713608,4,171.77731594961818,11.0,90.82,5.0,Leste,Search
382,383,63.0,152142.59813958517,1.783971383630446,5,158.32426362885735,12.0,41.98,4.0,Centro,Social Media
383,384,47.0,102147.89429642132,14.879729550701274,2,30.195885583479182,,79.48,4.0,Centro,Search
384,385,55.0,,8.005159253551675,5,116.0509826768434,8.0,78.59,4.0,Sul,Social Media
385,386,55.0,,7.43668888416069,4,125.97127933987628,13.0,79.81,4.0,Norte,Direct
386,387,62.0,68149.48801970077,96.4635528451802,3,56.25539679762335,9.0,,5.0,Centro,Email
387,388,68.0,112281.5533527895,28.736866444529902,5,92.12921048922831,8.0,75.93,3.0,Sul,Email
388,389,71.0,115939.52248625497,24.417334557928356,3,50.958176453868305,10.0,80.71,3.0,Sul,Direct
389,390,25.0,137390.5207714937,16.124078207339252,3,148.08380821513137,,85.27,5.0,Oeste,Search
390,391,,,16.80805753390416,4,190.9382985424408,12.0,67.47,4.0,Centro,Social Media
391,392,44.0,67942.18081774782,23.35494381059449,8,205.33872593121643,11.0,88.21,5.0,Sul,Email
392,393,,81202.68168353026,35.76427250771415,5,170.73922310396205,8.0,80.04,3.0,Oeste,Social Media
393,394,38.0,136391.23294608184,36.334565050051374,4,101.83018294007155,5.0,52.91,5.0,Norte,Direct
394,395,47.0,85748.64918385838,5.651175486786831,4,53.39674207400202,13.0,89.93,,Oeste,Search
395,396,50.0,116050.24713006272,20.801181304292516,4,62.156565029924906,12.0,96.11,4.0,Norte,Social Media
396,397,45.0,37280.28853692714,15.928712000222168,4,86.55087113727507,10.0,83.67,3.0,Leste,Search
397,398,64.0,60793.784820482004,61.32847959799855,7,105.55701509821627,6.0,,5.0,Leste,Email
398,399,50.0,124710.42076590982,29.9428370317113,8,142.01257510042066,9.0,83.3,5.0,Oeste,Social Media
399,400,22.0,64540.26798059007,22.810938855216868,7,99.29178909365157,6.0,69.57,4.0,Leste,Referral
400,401,65.0,70506.03334454018,3.6784097038082058,3,166.94879468341307,11.0,77.83,5.0,Centro,Email
401,402,36.0,135422.66307876198,27.914571873982073,6,138.38632486002635,9.0,68.27,4.0,Oeste,Search
402,403,21.0,45985.78507946569,3.739830864160432,6,150.52728558705127,9.0,36.07,5.0,Sul,Direct
403,404,52.0,,12.338757431061913,4,207.01252763356024,10.0,75.38,5.0,Centro,Referral
404,405,66.0,35284.17239193685,4.623989168022757,6,90.9884132899815,8.0,94.76,,Oeste,Social Media
405,406,34.0,137827.0004434457,35.336839149488654,9,170.93522891461842,,58.12,5.0,Norte,Email
406,407,61.0,108085.2872111254,6.929681756383393,6,149.30133857619634,9.0,86.67,4.0,Leste,Social Media
407,408,45.0,106875.51408230468,14.920473889850545,4,133.32568595151525,12.0,79.18,,Leste,Social Media
408,409,,59993.0227949717,67.8072636266139,6,194.26281604329802,10.0,,3.0,Leste,Referral
409,410,46.0,33937.234432880636,6.856609161904607,7,193.95070772785039,8.0,93.0,5.0,Oeste,Referral
410,411,63.0,29074.0599622407,21.26641288484907,4,102.67546020057858,10.0,73.38,5.0,Centro,Referral
411,412,,125118.78674263526,16.304166199027215,3,140.8919708071038,12.0,67.27,5.0,Norte,Referral
412,413,23.0,89908.82738289433,0.5487087994969545,4,164.06058412920328,10.0,76.66,5.0,Leste,Direct
413,414,52.0,,47.21605903367773,5,136.34966259887076,11.0,84.73,5.0,Centro,Search
414,415,58.0,79512.70442924647,2.14635934588116,3,179.2510666143899,16.0,39.88,,Sul,Referral
415,416,54.0,48300.84382619048,19.288170437025727,5,164.05960089551377,8.0,62.08,3.0,Sul,Email
416,417,41.0,61293.29414840033,24.675699627979583,3,241.62806201780063,13.0,85.23,,Norte,Social Media
417,418,46.0,42604.0786357934,29.700254131922755,5,73.48604320351062,8.0,85.69,,Leste,Referral
418,419,66.0,,35.00335788171569,5,143.87820051263012,,68.21,3.0,Sul,Email
419,420,63.0,104172.54563606811,8.761643907659835,5,104.57487442439044,6.0,55.32,4.0,Centro,Direct
420,421,70.0,30446.143438885192,0.3008669509364413,6,180.2053727719522,4.0,83.38,5.0,Centro,Email
421,422,48.0,42746.28099043049,38.56022177968195,6,69.14140549772277,,64.09,5.0,Sul,Email
422,423,52.0,62970.43922583351,23.01392738618083,6,167.31563551124432,8.0,73.66,4.0,Leste,Direct
423,424,,,54.25820433938656,5,118.49757843258294,11.0,95.67,5.0,Norte,Direct
424,425,69.0,35060.21018438125,51.67624365994338,7,113.2919066939493,11.0,95.54,4.0,Leste,Social Media
425,426,38.0,30029.648483717254,55.607674094037634,3,77.67508982296563,10.0,70.69,5.0,Oeste,Referral
426,427,49.0,85265.08072552345,19.91316602994808,5,126.7462026899497,5.0,84.07,4.0,Sul,Email
427,428,40.0,77509.22205029996,12.17723399510965,7,204.22502651454627,4.0,83.17,3.0,Oeste,Search
428,429,50.0,,47.04286277495788,2,148.74056582352603,,55.38,5.0,Sul,Search
429,430,20.0,74038.14583267111,18.005781180968118,8,181.38402089372372,13.0,63.76,4.0,Norte,Social Media
430,431,35.0,89121.97386615348,6.079727241462871,4,233.23209109831376,8.0,58.46,4.0,Leste,Search
431,432,42.0,49627.86597304796,57.925271315203695,2,163.1877792411288,10.0,77.08,3.0,Leste,Social Media
432,433,59.0,,64.25479994504094,5,122.06002139688297,5.0,,4.0,Sul,Referral
433,434,48.0,36935.27530583526,18.838190280135226,5,173.3626107591395,5.0,83.03,5.0,Centro,Social Media
434,435,71.0,49862.338455422214,2.3615486906387355,4,122.7851926842854,5.0,55.5,,Oeste,Direct
435,436,20.0,60870.91579882146,14.722166101054487,6,124.77886583514153,,80.2,5.0,Leste,Direct
436,437,57.0,118715.33810155318,48.81853551748315,8,74.00536001905076,13.0,63.15,,Leste,Direct
437,438,63.0,46270.77722557311,69.61453870499301,4,196.3128745542196,8.0,,4.0,Sul,Direct
438,439,41.0,165057.71360575533,6.824817858602553,3,130.69987121752803,10.0,74.13,3.0,Centro,Direct
439,440,67.0,92610.55243837551,2.079653868109042,6,159.1049122907931,13.0,46.42,5.0,Oeste,Direct
440,441,49.0,84282.99358502403,62.952726084124286,4,98.20190356966802,13.0,,,Centro,Direct
441,442,64.0,71429.27279951541,14.799638623338778,2,171.79738148577363,,95.08,4.0,Centro,Direct
442,443,39.0,65343.82172197019,23.410929568114067,3,111.90293809324581,16.0,89.9,3.0,Sul,Direct
443,444,40.0,53444.62753197342,103.32234361587633,1,142.9145639149088,8.0,,,Centro,Referral
444,445,19.0,34334.11604145651,2.06650972077382,9,193.89130156195628,12.0,60.32,5.0,Oeste,Direct
445,446,44.0,47053.936718730714,31.350838259542492,5,189.53796561162648,12.0,95.03,3.0,Norte,Social Media
446,447,59.0,137679.51514967968,2.309846942703749,3,148.89849637415298,7.0,62.62,3.0,Norte,Referral
447,448,19.0,90103.23975962643,14.12262589191605,4,61.593448364664084,,83.67,3.0,Oeste,Search
448,449,43.0,137134.9236655832,48.86084607366443,3,299.6405285030321,13.0,80.2,4.0,Sul,Email
449,450,34.0,52792.53264665921,17.0468755283856,4,237.2929485136568,5.0,88.47,4.0,Leste,Referral
450,451,57.0,41998.05374692597,176.155603798828,6,186.13374124441492,9.0,,,Sul,Direct
451,452,50.0,71110.24919601929,24.565345366731215,4,112.33981092045147,10.0,66.68,3.0,Oeste,Referral
452,453,26.0,47896.914232474555,11.621189726839424,2,144.32039191490176,5.0,59.33,4.0,Centro,Email
453,454,60.0,77852.09471647153,7.4581228501101,6,122.82897851117416,16.0,76.48,3.0,Norte,Email
454,455,,30718.628207159894,12.947521767011452,3,213.1927969548194,8.0,55.15,5.0,Centro,Direct
455,456,65.0,23232.384197371124,13.981939058812685,6,163.1251445425917,15.0,92.53,5.0,Sul,Direct
456,457,56.0,82833.8694839605,2.1356551878793515,2,110.79180708200836,11.0,74.56,4.0,Oeste,Social Media
457,458,46.0,139388.3453681831,13.840794419121641,8,126.4622450437609,8.0,81.85,3.0,Norte,Email
458,459,59.0,84474.5725688566,18.72198649399444,3,206.05940712849522,12.0,72.72,5.0,Oeste,Direct
459,460,72.0,89695.26440166416,38.48374433558763,6,230.00489234102392,9.0,91.24,5.0,Norte,Email
460,461,43.0,72491.85318121589,32.07709405125924,4,226.4165781743123,6.0,31.26,4.0,Norte,Social Media
461,462,52.0,75632.58265800378,37.008810822200005,5,187.85160325269888,,47.66,5.0,Norte,Search
462,463,67.0,33456.734849250824,0.25196561136350365,6,137.36875655986816,13.0,90.17,5.0,Sul,Email
463,464,42.0,48768.79208171301,7.364259258910289,1,10.0,15.0,82.17,4.0,Oeste,Social Media
464,465,41.0,,32.51327284413711,5,164.85800119041107,8.0,92.58,3.0,Leste,Social Media
465,466,30.0,40235.58693889667,19.848837282300735,7,149.90856205779497,7.0,79.55,5.0,Leste,Social Media
466,467,24.0,60239.61950028239,0.1598292715641961,6,156.9991048160677,13.0,77.07,3.0,Leste,Referral
467,468,74.0,117125.99271209083,48.96502486474215,6,152.69486735166032,12.0,77.07,5.0,Oeste,Direct
468,469,53.0,74693.30323050746,44.45900186951632,7,83.68689190254214,8.0,70.74,5.0,Centro,Email
469,470,62.0,76409.33857604486,23.850026434867047,4,177.87042784255928,10.0,67.23,5.0,Oeste,Referral
470,471,37.0,,2.063250899292837,3,181.61081570159251,4.0,73.12,4.0,Norte,Email
471,472,18.0,95543.7442479516,43.63912967729937,8,184.11693910298294,11.0,71.87,3.0,Centro,Referral
472,473,25.0,105802.28766012959,26.291452937751544,4,197.3288501786693,7.0,55.91,,Norte,Direct
473,474,63.0,47495.05308742103,45.692299260758425,5,180.20258224608116,10.0,83.44,5.0,Norte,Social Media
474,475,33.0,35117.31081025853,41.799205827211296,5,129.49852942305446,6.0,77.74,5.0,Oeste,Email
475,476,31.0,25766.23215816931,48.736862035557934,3,146.4581576041955,13.0,56.18,4.0,Leste,Social Media
476,477,29.0,,21.89483701052633,9,154.55624336266885,11.0,79.65,,Centro,Direct
477,478,68.0,83361.4415544484,4.536009230532723,8,155.3849724553309,,77.82,5.0,Sul,Email
478,479,40.0,185842.30479442398,33.36528855882308,6,199.9108827985865,14.0,55.51,5.0,Leste,Search
479,480,32.0,72685.19540407757,29.06494820805853,3,182.18343765112454,8.0,78.13,4.0,Sul,Search
480,481,45.0,,40.673325648851886,5,253.86717197849765,3.0,52.3,4.0,Oeste,Search
481,482,51.0,79026.91117713641,5.585586667905365,5,260.3234489942336,9.0,64.8,5.0,Centro,Direct
482,483,,80950.2095840927,6.506465833825106,5,153.98247913069625,15.0,84.81,5.0,Oeste,Search
483,484,49.0,,66.33014232544376,3,10.0,10.0,,5.0,Sul,Email
484,485,40.0,48255.80470220382,41.5861667661363,7,211.84162330636332,8.0,60.63,,Norte,Search
485,486,39.0,70917.15051133728,71.65360091836682,3,122.98118305064727,10.0,,4.0,Oeste,Email
486,487,68.0,69704.92632208155,42.65333407868342,0,109.92580390844967,10.0,72.49,4.0,Centro,Direct
487,488,42.0,69192.16156150513,27.276124979313458,6,130.07773625053164,13.0,74.75,5.0,Oeste,Social Media
488,489,39.0,99983.00621617945,31.851006316767766,6,127.66784765926968,,65.01,5.0,Leste,Referral
489,490,39.0,70335.99939280686,65.9813463059896,4,180.61349050526962,,,5.0,Oeste,Search
490,491,66.0,35515.63799799926,25.939906056121064,5,72.02821104368873,11.0,74.09,4.0,Sul,Referral
491,492,69.0,52048.83966061772,30.022088637942176,9,96.11396271041991,10.0,59.08,5.0,Oeste,Social Media
492,493,59.0,64114.547749794256,5.105033200516286,5,167.15792770987082,12.0,83.96,4.0,Centro,Direct
493,494,23.0,71851.76019352673,19.269129174500687,4,181.14720152066542,9.0,74.93,4.0,Oeste,Direct
494,495,,,37.805409026142854,3,182.07708224680061,11.0,56.45,3.0,Oeste,Social Media
495,496,71.0,,9.480088407899567,6,110.64818605333505,6.0,68.76,5.0,Centro,Referral
496,497,60.0,23517.316781856873,6.77895762695378,2,101.086717536688,5.0,55.23,5.0,Oeste,Search
497,498,54.0,,11.298756509258979,6,124.66825831060403,,89.92,3.0,Centro,Email
498,499,50.0,,8.29239924403037,6,161.99363761423626,,83.11,,Sul,Direct
499,500,25.0,,7.258808309776499,6,224.27386846362748,10.0,46.25,5.0,Centro,Social Media
500,501,70.0,74928.73129569682,16.593776043493087,5,47.62814071146249,8.0,76.08,4.0,Sul,Referral
501,502,61.0,,71.52638870306664,3,138.96356215208166,14.0,,5.0,Sul,Search
502,503,61.0,51945.44059268452,21.221012986758964,4,83.36607794873981,10.0,75.56,3.0,Centro,Referral
503,504,,60649.184967177694,6.244706713327756,4,67.38786613232551,7.0,80.54,,Oeste,Search
504,505,56.0,75333.1764422817,2.402860526653392,5,198.34783226724085,15.0,84.78,4.0,Leste,Email
505,506,21.0,70098.74873234403,35.7372403456154,4,177.23122872496694,6.0,58.41,,Centro,Email
506,507,23.0,105497.51868586334,14.476804698294808,4,172.4716757973631,,70.87,3.0,Oeste,Social Media
507,508,62.0,32066.412807063512,51.75067323364817,5,196.05129198654967,8.0,83.84,,Sul,Social Media
508,509,49.0,34393.08373297731,32.32115339570292,5,126.0140551616932,7.0,97.24,3.0,Norte,Search
509,510,,62966.4457919716,47.724587016249686,5,128.36812418332357,9.0,82.58,,Leste,Search
510,511,47.0,89052.13246650048,9.521403355631158,7,259.2865308361287,8.0,95.68,5.0,Oeste,Search
511,512,64.0,97593.53788562634,35.36464524607246,3,137.6714472870213,7.0,86.87,3.0,Leste,Search
512,513,52.0,52931.47197974249,9.198281464010424,2,186.75660565270456,10.0,78.06,4.0,Norte,Email
513,514,72.0,20000.0,83.94013978053162,4,150.31907704816575,12.0,,5.0,Norte,Social Media
514,515,57.0,53749.65533154582,30.348905589712732,4,57.58707349607924,8.0,80.27,4.0,Norte,Social Media
515,516,69.0,,11.769587716075783,6,47.76854980993659,12.0,88.13,4.0,Centro,Direct
516,517,33.0,69505.07522143674,9.421268595490446,3,121.05078900300475,7.0,56.12,5.0,Leste,Social Media
517,518,30.0,90499.07692970095,6.35596854878087,5,202.80506258349945,,86.46,5.0,Centro,Social Media
518,519,67.0,116372.86045290557,35.588010322724415,5,189.41458283180017,7.0,65.21,5.0,Norte,Referral
519,520,59.0,64987.68824706608,7.4044819061256115,5,195.7038582112017,12.0,40.67,4.0,Oeste,Referral
520,521,47.0,56596.10825748179,27.13851891387439,5,100.64769105318423,9.0,67.14,5.0,Norte,Direct
521,522,36.0,45065.35360124774,9.22165023027297,3,230.7936245061157,7.0,62.56,4.0,Centro,Search
522,523,34.0,34291.8484468734,32.53852525235047,10,101.75533499068078,13.0,92.09,3.0,Norte,Direct
523,524,73.0,29652.146733369267,50.61221145868903,5,160.64121993349843,8.0,91.03,5.0,Norte,Direct
524,525,36.0,50480.82981029994,45.15574834301653,4,149.48238550461318,11.0,69.42,4.0,Centro,Email
525,526,45.0,109392.97622199937,42.9200962237956,4,141.3063089842707,13.0,75.67,5.0,Centro,Social Media
526,527,72.0,,6.2373939699580045,7,216.92960691478032,7.0,95.11,,Oeste,Email
527,528,,55350.280299463186,2.776124070152394,3,114.74447399170197,7.0,77.21,4.0,Centro,Social Media
528,529,54.0,165756.6958183038,36.014250709715434,6,82.5197372144036,6.0,73.85,5.0,Oeste,Direct
529,530,,52149.894404075756,13.782462741593369,2,150.99977431032096,13.0,66.67,3.0,Sul,Social Media
530,531,70.0,121221.17156657456,16.987307989238566,4,130.00866328567366,9.0,82.21,5.0,Sul,Search
531,532,40.0,133769.50486696474,0.9493362438391142,4,318.8691459541323,11.0,70.11,5.0,Centro,Search
532,533,26.0,85987.7003664451,9.015986720347424,4,183.82537382199877,11.0,92.34,5.0,Norte,Direct
533,534,29.0,50255.951838733374,1.0276954568273935,8,129.5329712390688,,86.69,4.0,Leste,Referral
534,535,70.0,58816.989324272625,63.40503671810368,5,97.19442154064566,3.0,,4.0,Norte,Search
535,536,18.0,76156.47984018868,8.367485489848367,8,55.98557947156077,6.0,72.37,5.0,Centro,Direct
536,537,18.0,34793.15727127901,24.448407115665116,5,98.73904571312835,12.0,67.08,5.0,Oeste,Email
537,538,64.0,43000.38820399478,1.1927805504163786,7,155.7470885879566,7.0,65.45,4.0,Norte,Referral
538,539,51.0,41261.23072426927,32.974638288435244,8,221.36643257973847,4.0,91.26,5.0,Sul,Search
539,540,49.0,88869.26453979862,11.703731982969913,3,206.08445711939595,,61.41,4.0,Centro,Direct
540,541,71.0,115879.37721923715,68.45971483982902,4,161.45474158231897,7.0,,5.0,Norte,Direct
541,542,65.0,95976.79022633315,65.70936669611224,6,133.84161671487576,11.0,,,Norte,Email
542,543,42.0,107490.32384593654,11.804196796264078,4,163.4406178206077,11.0,77.97,,Oeste,Email
543,544,57.0,,69.36721541433539,4,124.0681001257712,10.0,,4.0,Oeste,Referral
544,545,62.0,,166.85031708445118,6,235.9181997881938,8.0,,4.0,Oeste,Search
545,546,70.0,62182.608701216326,52.36042061826785,2,140.540490936246,11.0,76.89,5.0,Leste,Direct
546,547,18.0,85835.98726423626,55.905014755560906,4,145.68310708766364,12.0,73.88,3.0,Centro,Referral
547,548,,51149.67054238985,8.590837797628044,2,39.2088787489666,14.0,77.87,5.0,Centro,Referral
548,549,56.0,,25.790393955319963,8,140.2282576738618,13.0,41.67,3.0,Sul,Email
549,550,22.0,132127.4352339234,2.088732217719033,7,191.82420689824704,9.0,61.39,4.0,Sul,Direct
550,551,39.0,87778.92674077982,2.99188985544164,2,96.61387114807275,12.0,68.25,3.0,Centro,Social Media
551,552,46.0,58827.63174822153,204.17253659667844,5,112.46398327535937,11.0,,4.0,Norte,Email
552,553,72.0,46175.86591781429,11.864221782287679,6,189.63555088668323,5.0,74.98,,Centro,Direct
553,554,20.0,41309.128398481385,41.371688028873365,7,76.16713882409734,,35.53,,Leste,Referral
554,555,29.0,23660.266386782456,49.299933531947836,7,202.89005037709592,9.0,94.89,5.0,Sul,Referral
555,556,43.0,63072.54356509065,58.562763454299755,7,123.3928054913449,,85.23,3.0,Sul,Search
556,557,33.0,61407.897045724996,181.32441558129702,6,130.57158897543985,7.0,,3.0,Sul,Social Media
557,558,68.0,101748.44718079147,8.292235391897913,5,93.80607974372029,,50.12,5.0,Centro,Email
558,559,54.0,,1.2356251787082881,5,168.90231302139415,9.0,73.42,,Sul,Search
559,560,,64723.08548443539,15.889629182741484,8,272.993599251469,4.0,74.38,4.0,Sul,Search
560,561,74.0,79561.6970112875,4.180643867218691,7,189.0748619730316,12.0,70.29,,Centro,Social Media
561,562,46.0,,0.6804351984764374,4,106.78573690297321,10.0,69.78,3.0,Norte,Email
562,563,31.0,96615.05195064763,13.408627275759986,5,206.7810292745738,8.0,38.03,4.0,Sul,Email
563,564,45.0,76031.13844728918,45.93797413074183,8,134.16602270328752,10.0,64.98,,Sul,Referral
564,565,22.0,35825.8208011312,25.05381512409738,5,218.72424907137798,13.0,34.53,5.0,Sul,Email
565,566,64.0,83766.54270578075,11.252936374632492,2,190.33382010821813,,84.13,5.0,Leste,Search
566,567,66.0,50943.884207420284,31.869163438489995,3,10.0,7.0,93.94,,Centro,Referral
567,568,47.0,118279.97914849747,7.919676551752648,7,99.79601835224864,15.0,83.38,5.0,Sul,Email
568,569,63.0,,0.43457584116118037,3,197.2192611417695,5.0,67.88,3.0,Leste,Social Media
569,570,69.0,78094.69383523332,43.362659890047304,8,157.58286360725089,6.0,40.94,,Norte,Search
570,571,22.0,192676.78669719014,29.32449251966898,1,98.81220261460747,16.0,95.55,,Norte,Direct
571,572,29.0,97358.62771339821,43.102708377282646,5,118.32052422530936,8.0,71.7,4.0,Leste,Social Media
572,573,33.0,83091.59286078328,1.1914911998299418,3,54.68816899553097,9.0,79.7,4.0,Norte,Social Media
573,574,43.0,65608.68105677945,54.44217782078701,5,145.5813356236802,11.0,65.91,3.0,Oeste,Email
574,575,43.0,37350.79492232035,28.9901388274188,5,260.5344863007882,10.0,82.79,5.0,Norte,Referral
575,576,65.0,63442.9773644441,24.861815582227564,2,190.24666953661628,4.0,91.67,5.0,Oeste,Referral
576,577,,45898.686405336564,29.394017317565574,7,259.52085005942115,12.0,71.49,4.0,Leste,Search
577,578,56.0,139251.56046137676,59.94873350799659,2,194.119854489499,,78.4,5.0,Oeste,Email
578,579,53.0,83583.45729799216,26.52461882075834,4,201.3739671676346,9.0,93.57,5.0,Norte,Referral
579,580,50.0,116375.58823505178,26.09297822951457,5,248.7039343872512,8.0,48.87,,Sul,Direct
580,581,47.0,52041.64061340814,140.26506632361156,4,168.86316296711132,6.0,,3.0,Oeste,Email
581,582,54.0,47522.35930318641,42.40752084359099,4,140.63863392465598,9.0,72.44,4.0,Norte,Email
582,583,40.0,93178.09145336591,17.517689650037678,5,201.63287583110062,8.0,70.03,4.0,Sul,Referral
583,584,27.0,45000.408245360064,36.86815612968653,4,222.69201185609424,8.0,85.47,4.0,Leste,Social Media
584,585,71.0,56760.05026164828,14.791067851443257,4,126.00176786438955,,63.13,3.0,Leste,Email
585,586,22.0,142196.61203358855,7.797161736125233,5,113.92154588299854,10.0,85.1,4.0,Centro,Social Media
586,587,53.0,,27.253537002564936,7,156.94280162154402,8.0,51.37,4.0,Leste,Search
587,588,51.0,33364.685373479166,79.00864512348703,6,191.5749433465831,,,4.0,Centro,Search
588,589,69.0,27041.532384114227,79.41127217596684,6,189.9045524330781,9.0,,,Leste,Referral
589,590,48.0,31287.96152190365,12.55219211310789,8,78.79161999062005,8.0,85.69,4.0,Leste,Search
590,591,27.0,119400.60686969217,22.502795774612178,5,245.58030335316607,4.0,86.95,4.0,Leste,Referral
591,592,,,7.1338571456269,2,117.94175353015748,11.0,92.61,4.0,Centro,Referral
592,593,49.0,189922.58504782993,162.99738576044447,4,136.74675015557102,,,5.0,Centro,Social Media
593,594,18.0,132803.7160679606,119.08623936972937,6,104.86728200060901,8.0,,4.0,Oeste,Social Media
594,595,73.0,157203.12090622596,31.452601496582883,3,284.9164417968544,12.0,87.03,,Norte,Search
595,596,22.0,108703.12591438131,48.95266211119729,3,162.10353351439838,12.0,66.28,4.0,Norte,Social Media
596,597,62.0,91009.00784097303,37.66852810754364,5,107.45124596592176,9.0,59.6,5.0,Norte,Email
597,598,,46693.70880972068,26.979927410670545,5,193.1961774981223,11.0,64.11,5.0,Leste,Direct
598,599,33.0,69890.71200754128,1.644711791759024,6,188.45678896550166,12.0,72.08,4.0,Norte,Email
599,600,41.0,95077.16116459016,18.196115363713556,2,140.6136488210058,,93.83,3.0,Centro,Email
600,601,33.0,105742.67463970458,33.69818342817395,6,192.03033563916915,10.0,23.39,4.0,Oeste,Referral
601,602,72.0,39139.606505165335,33.95250525292899,4,108.73540195845678,12.0,71.76,4.0,Sul,Direct
602,603,19.0,,14.010129634390436,3,125.35408625253739,16.0,33.3,5.0,Oeste,Referral
603,604,66.0,,85.26047234854644,4,49.48916727169686,10.0,,4.0,Norte,Social Media
604,605,45.0,66128.57802415467,5.494510164691754,2,83.80244578902186,7.0,64.3,4.0,Norte,Social Media
605,606,49.0,41781.059311573445,20.815989945544196,6,240.3815402835343,,87.26,4.0,Centro,Direct
606,607,,148906.91064688828,35.22115776424421,8,232.0714313861157,6.0,75.72,4.0,Oeste,Search
607,608,37.0,62914.5639485385,35.834123346291555,5,153.28943243244814,12.0,68.66,5.0,Centro,Social Media
608,609,41.0,43286.10263824932,31.37822912946216,6,233.14657235949187,6.0,94.67,4.0,Centro,Email
609,610,29.0,150547.2655303119,9.659437168843008,5,141.99627566958475,12.0,68.71,5.0,Sul,Direct
610,611,,132860.0168808268,5.095426919128718,5,137.8294848716046,11.0,60.6,4.0,Centro,Direct
611,612,52.0,74665.20001111488,30.31312462477169,6,152.82553242327782,11.0,83.35,,Centro,Social Media
612,613,50.0,26910.592916782294,27.43642627381923,4,143.75392023382173,7.0,64.36,4.0,Sul,Social Media
613,614,50.0,55958.610898726714,5.929976809397211,4,139.24018382199097,,85.46,,Leste,Referral
614,615,68.0,29998.153762901005,36.63755141455466,5,207.16990535747763,7.0,50.84,3.0,Leste,Referral
615,616,60.0,87996.31262076148,18.21855345863338,5,157.50678269781017,7.0,86.03,4.0,Sul,Email
616,617,54.0,54118.495520214194,33.05698380933645,4,185.62408822169022,12.0,92.56,5.0,Centro,Direct
617,618,,69112.19516804695,54.487789227683706,4,201.56902626386653,10.0,68.22,4.0,Norte,Search
618,619,20.0,144563.42313447245,5.580073116669036,7,169.40928978273666,15.0,65.98,,Oeste,Search
619,620,18.0,52243.22992006267,0.579915123619231,5,101.48643370458805,5.0,98.03,4.0,Norte,Direct
620,621,50.0,86315.26055204151,45.30170631212718,4,82.35670555179806,6.0,75.09,4.0,Norte,Email
621,622,57.0,97873.85688000804,28.22499023157719,3,157.43903174036527,6.0,73.49,5.0,Centro,Referral
622,623,27.0,117758.99871556777,36.083162726340035,9,141.4371847587533,11.0,77.21,4.0,Oeste,Referral
623,624,60.0,66804.53283459408,54.633481120503255,6,154.3695714460061,9.0,86.01,5.0,Oeste,Referral
624,625,61.0,63605.45832502109,48.70776866338606,6,149.1972980375707,7.0,93.59,3.0,Leste,Search
625,626,46.0,62914.72108623327,97.26444634524573,4,279.17868300832833,6.0,,5.0,Sul,Search
626,627,30.0,82591.54029973417,23.031924608287895,7,83.4886872179331,,68.91,5.0,Centro,Email
627,628,29.0,130364.55971563475,20.111974659828054,6,50.50268650894377,13.0,54.42,5.0,Oeste,Search
628,629,48.0,,15.419277416233216,6,166.6188416759805,8.0,83.74,,Centro,Social Media
629,630,,20000.0,5.0061236538191345,2,131.17887227059023,12.0,71.06,4.0,Leste,Search
630,631,19.0,,25.501555776634554,6,165.80339348649755,6.0,32.5,4.0,Norte,Referral
631,632,,72193.26343439778,9.730901390778254,4,179.19415111420005,10.0,91.71,,Oeste,Email
632,633,67.0,88084.62773349974,76.26622745703004,7,214.20523475894487,13.0,,4.0,Leste,Direct
633,634,,30594.354478555862,26.25380178334342,8,74.63870898080309,6.0,69.03,5.0,Centro,Direct
634,635,40.0,54218.13549171404,26.956484811980477,6,122.16410510714185,10.0,85.01,4.0,Leste,Email
635,636,34.0,99020.25959187328,13.15164492497022,3,171.4380629440382,9.0,83.47,5.0,Leste,Social Media
636,637,43.0,,1.6016863409750655,4,188.52317978436133,,86.2,,Leste,Direct
637,638,25.0,86227.94006631951,0.9677556462181442,5,259.67247751441926,13.0,34.47,5.0,Leste,Referral
638,639,46.0,68851.42390820748,16.514820609402175,3,197.78519855569334,12.0,65.16,4.0,Leste,Direct
639,640,,48792.69221854759,2.6506898960027043,5,147.16057020568616,10.0,36.79,4.0,Leste,Direct
640,641,27.0,46890.56563658402,28.006689504390774,8,105.47821235286692,,47.39,5.0,Sul,Referral
641,642,43.0,41973.50761602214,63.852149046943495,8,121.78550736404904,,,,Centro,Search
642,643,51.0,72017.73793206325,64.34560635455443,5,120.36485885214468,10.0,,5.0,Norte,Social Media
643,644,68.0,75874.4305775275,32.28017934328225,5,182.76168142568804,8.0,68.19,4.0,Centro,Referral
644,645,58.0,58767.77076296419,7.118484924280538,8,162.84987227929153,8.0,62.51,3.0,Oeste,Referral
645,646,24.0,40689.19540464191,59.63253673962362,5,83.81752145789105,9.0,68.15,5.0,Oeste,Email
646,647,,85120.47388448192,65.17130323981573,4,128.20492654547834,6.0,,4.0,Centro,Social Media
647,648,70.0,103566.27588263938,6.569077710216328,3,193.87737767257104,6.0,76.31,5.0,Leste,Search
648,649,67.0,,40.116679757089216,7,167.58311774870296,,80.67,4.0,Sul,Referral
649,650,62.0,160076.87377729654,10.128007232312031,4,178.43223080063854,13.0,72.84,5.0,Norte,Search
650,651,28.0,64239.160090913996,48.68182168253975,4,169.14608550286314,9.0,81.48,4.0,Leste,Referral
651,652,46.0,124670.88081098162,176.75291952307057,5,231.32153673044297,8.0,,,Centro,Referral
652,653,73.0,,0.9145805238607053,3,161.8021531912185,9.0,88.72,4.0,Centro,Email
653,654,53.0,47165.484869441774,68.29754128437095,5,130.6988601064651,,,3.0,Sul,Direct
654,655,42.0,74050.68730439691,29.235916633726895,4,104.21224794332197,15.0,82.01,4.0,Sul,Social Media
655,656,38.0,136946.37470544066,108.78572585162031,6,162.4804729104856,7.0,,3.0,Centro,Email
656,657,74.0,60963.61281681713,18.765189660401816,5,27.9647992612458,,64.93,,Leste,Search
657,658,53.0,30582.320004023408,56.395682139860185,5,140.7855499083644,9.0,94.31,3.0,Leste,Referral
658,659,,,1.9327660207705306,2,139.7080070039328,9.0,89.24,4.0,Leste,Referral
659,660,54.0,67507.95841452254,12.251638517131022,5,81.77645731913596,16.0,45.44,4.0,Norte,Social Media
660,661,26.0,80133.82457788032,2.0810341092457394,3,103.5867080672002,5.0,88.6,4.0,Norte,Email
661,662,41.0,48355.860962508814,111.08099569792407,3,190.48287650741207,7.0,,3.0,Leste,Email
662,663,52.0,73734.90547040084,50.94379659272188,5,161.53558745374812,14.0,76.74,4.0,Centro,Search
663,664,66.0,32972.52396911951,57.42745964601419,4,155.0894166853664,8.0,72.76,5.0,Sul,Email
664,665,52.0,149938.62285877927,83.40180803378901,3,165.31737669660114,,,4.0,Oeste,Email
665,666,65.0,111154.0826252743,2.6683295906196265,4,154.63137939744618,,50.47,5.0,Sul,Direct
666,667,53.0,72221.87204378979,14.613155361630657,2,212.1431281429157,10.0,88.73,4.0,Sul,Social Media
667,668,,101428.62708237968,2.210522890705231,6,156.17145908518245,10.0,72.52,5.0,Oeste,Email
668,669,,51148.839794577805,7.101802914150382,7,77.08934430906248,8.0,33.32,3.0,Leste,Search
669,670,56.0,,7.8162431092922375,3,231.5064982437205,,76.37,,Sul,Referral
670,671,49.0,59702.762969212185,18.99585546509904,5,168.51701336644228,,82.23,5.0,Oeste,Email
671,672,,57718.04177095962,9.38229145198747,4,120.53731346024662,,70.03,5.0,Centro,Email
672,673,40.0,43387.70770221514,3.1934367597093996,6,87.32991408524907,,61.65,,Centro,Referral
673,674,49.0,84642.90676666473,5.499340601818851,6,169.79571104790227,10.0,67.17,4.0,Centro,Direct
674,675,54.0,70787.73665673877,4.7795650773886305,2,144.14139975128123,10.0,70.8,4.0,Leste,Social Media
675,676,29.0,126457.33265154177,108.44300498997728,2,228.70733930162044,5.0,,4.0,Sul,Direct
676,677,66.0,40909.539319517215,42.72518412904663,5,132.7046359666586,,90.16,5.0,Sul,Search
677,678,72.0,84816.17747422932,103.03778433552874,2,108.13096051587667,17.0,,,Norte,Email
678,679,30.0,,17.38065556941754,7,194.78981091179642,12.0,65.46,4.0,Centro,Direct
679,680,40.0,191906.499028184,9.787218983465626,4,196.26409463584156,9.0,95.11,,Leste,Social Media
680,681,42.0,76489.58644967803,48.0282032195541,5,158.43256838050976,10.0,60.55,4.0,Oeste,Search
681,682,52.0,,11.847059161508048,7,183.81785238374542,15.0,74.19,,Leste,Direct
682,683,58.0,75601.88450927801,10.67383310976386,5,148.1156439628881,14.0,64.45,5.0,Sul,Email
683,684,47.0,121963.62040396537,7.938738209645299,7,161.69325505046234,14.0,48.52,4.0,Centro,Social Media
684,685,34.0,121940.98483681887,4.166794345407651,1,208.24954412819613,11.0,72.86,5.0,Norte,Email
685,686,66.0,66243.4200661467,8.890104952687027,3,181.26591670107516,,74.75,,Leste,Email
686,687,37.0,120999.49877186735,13.17002457513495,4,141.53627808336876,9.0,62.04,3.0,Norte,Search
687,688,65.0,69261.60175572106,33.62520394047331,9,217.61812729630753,14.0,69.88,3.0,Sul,Social Media
688,689,42.0,100925.17703495934,1.9382306569099237,4,31.757231360424385,9.0,84.65,4.0,Oeste,Referral
689,690,39.0,,7.090927058245246,5,252.60366557109674,9.0,63.54,5.0,Leste,Email
690,691,30.0,58057.4948875888,49.668168892691966,6,64.70204525546323,11.0,42.92,4.0,Sul,Social Media
691,692,36.0,44162.861675190354,4.767126123732986,6,118.6453587613852,9.0,73.5,3.0,Centro,Email
692,693,66.0,117311.54850211173,12.585938834026773,3,147.95412324024656,10.0,72.94,,Leste,Direct
693,694,,131773.77438850675,59.99871546110227,3,142.67596646359192,11.0,60.24,,Norte,Direct
694,695,29.0,83914.26385081052,5.049907990550963,5,200.32055200132774,10.0,84.05,5.0,Leste,Social Media
695,696,58.0,,2.5908259151711888,7,97.10816906948828,6.0,59.72,4.0,Sul,Search
696,697,36.0,38323.90678619597,19.880750506120247,6,163.03834087415316,8.0,78.31,5.0,Sul,Referral
697,698,29.0,115968.96809649792,10.804121277833676,6,121.0893950890123,8.0,61.61,4.0,Norte,Direct
698,699,,79586.68294611803,24.862709798438154,4,164.75704896687083,10.0,63.97,,Sul,Search
699,700,24.0,61941.2157374503,48.85936974519386,7,146.76138701010618,14.0,75.03,,Leste,Referral
700,701,45.0,102199.16158246908,4.425379894041569,4,154.6467826341489,9.0,89.19,5.0,Norte,Direct
701,702,31.0,34816.475969422514,26.074993246090887,8,122.50375837678271,11.0,65.52,5.0,Sul,Referral
702,703,48.0,,21.12677531184579,5,124.49680249519588,9.0,46.73,4.0,Sul,Email
703,704,69.0,,4.667308404340725,5,164.36362570137135,13.0,74.57,,Leste,Social Media
704,705,36.0,88007.928346685,29.3448632325571,4,197.18577528780222,4.0,56.33,,Sul,Direct
705,706,64.0,,9.591302837137333,5,120.08603329010762,9.0,82.53,3.0,Leste,Direct
706,707,33.0,92647.44477698687,20.07321329084967,2,106.56162277135451,11.0,97.08,,Centro,Email
707,708,70.0,112466.98483263243,2.5756374573032406,3,180.67300828359186,13.0,96.45,3.0,Leste,Direct
708,709,22.0,,18.46248514517975,7,148.37480534711554,,80.24,4.0,Oeste,Direct
709,710,52.0,151374.58337164883,10.978540888641412,5,191.5249066992976,7.0,82.31,,Sul,Direct
710,711,,112350.60075008032,51.843469834334456,6,104.71013933144262,17.0,80.96,,Centro,Direct
711,712,42.0,,1.7599931323685094,7,61.02805372882845,10.0,59.58,5.0,Norte,Direct
712,713,69.0,54046.81212481808,16.269864110852165,2,123.34979590868329,15.0,83.22,4.0,Oeste,Search
713,714,38.0,67107.17690908899,18.398567399685106,7,111.6823695367492,4.0,94.63,5.0,Norte,Direct
714,715,,95597.30747023365,38.73018831578511,5,146.060579995985,9.0,85.3,3.0,Oeste,Email
715,716,70.0,56815.630995943706,25.619736586944818,5,118.15773928648052,9.0,96.62,4.0,Centro,Direct
716,717,40.0,96773.11101694686,33.00751924854609,7,187.05084756682245,20.0,54.82,3.0,Centro,Referral
717,718,33.0,91893.49891012495,45.024136315200856,6,135.59248687887418,17.0,40.44,4.0,Centro,Referral
718,719,74.0,43853.04076257192,59.45920500473505,5,157.52372493869504,6.0,65.46,,Oeste,Email
719,720,56.0,111416.00440505841,11.300885281969922,0,157.8817279220472,11.0,61.12,,Leste,Search
720,721,62.0,82588.71117852644,23.167186047522204,7,159.74775462060936,12.0,81.08,5.0,Norte,Email
721,722,70.0,148055.8708945833,54.99771546718909,5,148.79354447725132,14.0,70.53,4.0,Leste,Search
722,723,59.0,,136.5520987585718,5,175.53003452051567,17.0,,5.0,Leste,Social Media
723,724,56.0,60628.275323577174,66.08743601621342,6,110.21724330870961,10.0,,3.0,Sul,Referral
724,725,31.0,41107.16823811986,13.931014926023362,8,219.97089633269417,7.0,54.13,3.0,Norte,Referral
725,726,48.0,40787.135791402376,6.51359629945539,4,138.17313083157325,8.0,96.27,4.0,Oeste,Referral
726,727,22.0,105529.61533490606,20.16462476819927,6,84.42254310506591,9.0,90.37,5.0,Sul,Search
727,728,52.0,141348.4988400997,40.6022081179221,4,159.40366784958866,10.0,60.79,4.0,Sul,Email
728,729,40.0,66669.71364017595,20.351840320054162,1,107.44097587762575,11.0,70.47,5.0,Centro,Search
729,730,46.0,64670.81741274808,19.80186894022472,3,183.26672672544376,,74.1,,Oeste,Referral
730,731,60.0,72294.5744577075,54.64746925829595,4,260.48027880211885,9.0,72.96,5.0,Leste,Referral
731,732,28.0,,13.454487493694844,5,110.6713954221075,6.0,62.43,3.0,Leste,Referral
732,733,35.0,44045.14607668081,58.939419669133265,4,166.61861666119924,16.0,67.86,3.0,Leste,Referral
733,734,64.0,78011.61985715969,15.66695286184504,5,62.22472056476862,8.0,68.15,4.0,Centro,Social Media
734,735,29.0,106593.57441375141,11.935316462606345,2,172.69526147206736,13.0,65.38,4.0,Leste,Referral
735,736,26.0,87525.14177607969,18.15353477255139,2,105.71431001001551,13.0,95.61,,Norte,Search
736,737,27.0,,43.12093045641017,5,118.75826907827587,9.0,57.18,3.0,Leste,Referral
737,738,61.0,94343.35317518239,4.040316706194392,5,94.9356755080086,11.0,57.04,4.0,Leste,Direct
738,739,34.0,87905.85400126423,6.560326756866725,5,186.60756130273677,,69.23,4.0,Norte,Social Media
739,740,,124612.90577897993,90.75163537315643,6,200.36521787366314,9.0,,3.0,Centro,Referral
740,741,24.0,136318.80721013175,5.789039467529136,4,151.16926073292538,7.0,67.17,,Sul,Direct
741,742,63.0,121837.77596960237,25.160960441201652,9,106.77866473321401,17.0,76.35,,Oeste,Search
742,743,30.0,72472.8908250254,25.97609028294687,7,229.47615180519313,13.0,87.6,5.0,Centro,Social Media
743,744,57.0,29864.58218988041,20.17825425943596,2,112.47949361226719,8.0,74.53,5.0,Leste,Referral
744,745,59.0,166542.83845031678,31.047604116679253,3,41.898385003628064,,86.49,4.0,Sul,Search
745,746,26.0,64453.928062202765,7.834192740555538,4,172.9194504978534,7.0,95.71,5.0,Oeste,Direct
746,747,67.0,71422.40792893032,24.13324249748846,6,94.76126631792417,12.0,73.31,4.0,Oeste,Social Media
747,748,44.0,140544.40620949544,13.964731041842452,7,199.43043967495873,7.0,91.84,,Oeste,Referral
748,749,19.0,48592.256506734106,32.511762863234495,4,130.94311516632905,,42.25,,Norte,Search
749,750,22.0,35347.160886748905,4.567398828631371,5,180.18566202720982,6.0,36.17,5.0,Norte,Social Media
750,751,46.0,,25.380379777126887,5,220.0750173276079,8.0,89.28,4.0,Sul,Direct
751,752,,49874.85414867644,6.146968355120971,3,89.5570567689639,7.0,76.93,5.0,Leste,Referral
752,753,55.0,33603.473010956346,9.798636183154239,3,121.70314345537972,7.0,63.32,5.0,Sul,Social Media
753,754,36.0,67341.45673743376,7.404258710085167,7,146.21644636714683,,62.49,4.0,Leste,Direct
754,755,,72705.47896446825,6.057529439388522,3,226.87756595171717,9.0,42.48,,Centro,Direct
755,756,65.0,32595.88020697688,52.41120480310548,8,117.08086410297773,19.0,51.85,3.0,Oeste,Search
756,757,62.0,60450.929090103724,10.093884941720662,8,120.27481520254963,7.0,68.39,,Oeste,Direct
757,758,18.0,,78.56978757121612,5,173.90702877779043,5.0,,3.0,Norte,Direct
758,759,39.0,25123.131174864542,105.12335209356546,5,121.13856371447145,11.0,,4.0,Centro,Email
759,760,69.0,73793.81734996449,25.407171014355413,3,157.62629414488083,8.0,79.02,,Centro,Direct
760,761,34.0,77138.1164362818,4.6295601114068585,3,72.42312895159367,18.0,89.11,3.0,Leste,Referral
761,762,24.0,48351.34668260185,14.078432392644945,6,260.7164971278298,,86.23,4.0,Centro,Social Media
762,763,42.0,110975.95615870689,47.94489090651862,5,82.61453848452983,4.0,69.86,3.0,Norte,Referral
763,764,62.0,,13.737069370460052,4,133.91236480048957,5.0,88.16,4.0,Leste,Referral
764,765,21.0,49462.771386474604,2.731147728126047,6,148.37594820789528,6.0,42.54,4.0,Sul,Search
765,766,53.0,31514.722301533726,24.411002951668735,3,245.6344067178398,12.0,71.35,4.0,Leste,Email
766,767,23.0,79017.5780603187,55.953304597443996,12,83.757710953363,12.0,28.26,5.0,Sul,Email
767,768,48.0,,47.6782350867567,1,249.18520677393758,11.0,69.63,,Leste,Referral
768,769,36.0,55484.78401536626,5.77563493656051,6,187.85884105510112,16.0,82.94,,Oeste,Social Media
769,770,61.0,,33.51226600319425,1,170.8547662211623,14.0,40.01,5.0,Sul,Email
770,771,71.0,136315.89508527706,7.473241798453735,6,100.76831564910222,17.0,56.95,4.0,Norte,Email
771,772,56.0,103268.02936065105,7.384978893352329,1,178.55706210190368,9.0,98.87,5.0,Sul,Referral
772,773,44.0,20862.405313523694,62.16129491212073,4,113.82566887901001,16.0,,3.0,Sul,Email
773,774,27.0,49187.02576843213,8.617223204763961,3,213.3330626599206,12.0,49.94,5.0,Leste,Search
774,775,43.0,65832.34855858525,9.165091672994715,3,101.44689854461335,8.0,90.03,5.0,Oeste,Referral
775,776,,72519.9334191585,0.019608129422111074,5,144.3420752771958,7.0,55.72,4.0,Leste,Email
776,777,56.0,75608.4917023034,61.36141599866167,5,122.23634559934142,6.0,,,Leste,Email
777,778,20.0,85319.26956609916,47.1924292459375,5,100.62385187865027,15.0,45.53,5.0,Oeste,Email
778,779,62.0,66853.73106024123,29.611773357677606,9,187.0659908453957,10.0,95.0,5.0,Leste,Referral
779,780,30.0,70612.5758566598,41.62073946959392,3,176.77293737048169,10.0,72.61,5.0,Oeste,Social Media
780,781,67.0,105650.18838296316,4.947957532098894,3,210.45050994504987,8.0,77.28,,Norte,Direct
781,782,45.0,79722.1751668527,18.392594814752865,6,61.00624458959163,9.0,80.88,5.0,Oeste,Email
782,783,37.0,39094.82292853632,12.979819754530281,6,203.20853511705218,11.0,88.08,,Centro,Direct
783,784,45.0,73576.9915916505,2.954080307826227,3,275.27244526784466,10.0,54.14,3.0,Oeste,Direct
784,785,25.0,,19.973577241239035,7,127.41794554115265,9.0,76.32,4.0,Oeste,Email
785,786,58.0,25014.028386614813,76.05051839117782,4,244.7574306054485,,,3.0,Centro,Email
786,787,56.0,75308.76000160679,1.2265073628299692,1,136.84193639700868,13.0,36.57,4.0,Oeste,Direct
787,788,18.0,41700.97997271146,10.336501602115769,7,81.37951312193465,8.0,80.7,4.0,Sul,Social Media
788,789,20.0,106347.5603526223,6.978432872492393,7,134.7183778796602,5.0,80.37,,Leste,Direct
789,790,30.0,84775.20391550416,8.160036020908318,2,202.4101983837638,5.0,86.13,4.0,Leste,Social Media
790,791,45.0,38008.22876807926,71.72103847153974,5,108.09117588342343,10.0,,5.0,Norte,Search
791,792,74.0,104207.92639746495,18.937247977730138,6,119.98306704967564,14.0,77.47,3.0,Norte,Social Media
792,793,66.0,125510.17886139918,18.837608869837215,9,179.67697161465955,10.0,45.5,4.0,Centro,Referral
793,794,42.0,,42.88553240711595,3,150.15300583692866,8.0,78.29,3.0,Sul,Email
794,795,73.0,65737.47048502984,5.034536703368954,4,179.23114762433704,10.0,53.43,4.0,Norte,Search
795,796,50.0,99697.32257908756,20.039904812714376,10,161.8914770379168,11.0,60.27,3.0,Leste,Direct
796,797,55.0,,16.862789350544674,4,173.98126597757866,12.0,88.74,4.0,Norte,Social Media
797,798,70.0,,27.257913901227198,4,128.38494070952294,8.0,47.74,,Norte,Search
798,799,,,231.7058856618738,4,161.5865471015196,14.0,,5.0,Oeste,Referral
799,800,61.0,57514.10713364044,44.0184817041832,7,103.63134971520333,,69.98,4.0,Norte,Social Media
800,801,62.0,60485.4573939196,15.218243215930379,8,214.4216811251694,9.0,63.38,4.0,Centro,Direct
801,802,49.0,98425.12377185776,52.729969176855235,6,118.2862641591343,5.0,70.98,4.0,Leste,Direct
802,803,62.0,,5.615501770835041,6,206.44237437746946,3.0,61.69,4.0,Centro,Social Media
803,804,64.0,125664.1648032282,0.9281204669621164,3,138.31965195085672,13.0,76.36,4.0,Centro,Referral
804,805,,28393.270442153822,6.8615860149283865,5,160.09995053786605,7.0,69.57,4.0,Sul,Email
805,806,33.0,46999.36615383297,12.48417624996925,6,125.25177245546496,7.0,79.52,4.0,Oeste,Email
806,807,71.0,37136.95339187968,21.436074303316815,2,99.20022844159854,6.0,48.99,3.0,Centro,Direct
807,808,38.0,52503.55094736277,28.6454229282214,8,62.76198061973493,12.0,62.99,3.0,Sul,Referral
808,809,28.0,46906.665610895194,72.44095649375797,5,97.23379207037702,8.0,,4.0,Leste,Direct
809,810,,84659.89862352045,21.391559776792132,4,133.8045573392039,11.0,45.03,5.0,Leste,Email
810,811,,89235.69087497781,20.87105189687858,4,160.5939589414442,12.0,90.16,3.0,Sul,Direct
811,812,52.0,,1.5464738077070592,2,200.51896566416318,8.0,78.43,,Centro,Social Media
812,813,36.0,67175.57549983932,1.0660657969414493,5,127.71212701015756,7.0,68.37,3.0,Centro,Social Media
813,814,37.0,58681.78539909358,24.032661520094067,5,105.9019617866413,,83.85,5.0,Oeste,Referral
814,815,74.0,61944.468571705846,17.297138903126942,4,77.86426069986437,2.0,88.73,5.0,Oeste,Email
815,816,35.0,135631.16062414888,54.8241602371444,2,174.0031808952052,12.0,77.14,4.0,Leste,Referral
816,817,64.0,,5.254882320136785,4,219.15972576646715,,66.71,5.0,Oeste,Referral
817,818,58.0,59730.62285851602,0.7586623173396116,4,213.31651339781445,,67.27,4.0,Sul,Email
818,819,66.0,66580.26416869166,17.88272494573133,1,185.49663740736187,6.0,94.09,5.0,Leste,Search
819,820,31.0,85533.01867891692,8.133739458116198,8,181.92716586337994,,12.67,3.0,Centro,Search
820,821,,,1.5266236185209632,4,234.88118898546705,10.0,79.59,3.0,Leste,Direct
821,822,48.0,74734.80042813197,38.68573416330257,10,166.6040730708405,9.0,45.1,4.0,Norte,Search
822,823,18.0,92777.56690214218,3.5497592283345085,6,182.30648380120857,,69.2,4.0,Leste,Social Media
823,824,70.0,87515.75149027522,28.11926467699799,3,133.96080690740004,11.0,78.62,4.0,Oeste,Referral
824,825,71.0,47450.17327777138,9.89889351633747,6,81.89783145726213,14.0,29.06,3.0,Sul,Direct
825,826,71.0,51747.954148913144,5.716517489180174,4,115.80755497502119,8.0,80.58,4.0,Centro,Referral
826,827,20.0,23457.339786660923,14.329053352340033,3,149.54204807326724,,85.98,3.0,Centro,Email
827,828,33.0,97139.50109820961,48.500791455474854,2,153.03926862506515,10.0,97.7,,Oeste,Search
828,829,40.0,161011.6296383846,14.932029547312661,3,246.31429274276965,8.0,70.64,5.0,Oeste,Email
829,830,74.0,44235.019090540394,41.68133119775869,5,154.06385837955344,,82.33,5.0,Oeste,Direct
830,831,28.0,112078.9230582247,4.022619446733996,3,208.94217220128218,10.0,84.41,5.0,Norte,Social Media
831,832,29.0,,44.45396418956591,4,128.2461379211842,10.0,86.66,5.0,Sul,Search
832,833,27.0,55978.87791990658,8.112295982163504,3,134.4162057117383,11.0,69.12,4.0,Norte,Email
833,834,49.0,66622.70036177977,33.93962452353169,6,83.54961813882758,16.0,81.56,4.0,Oeste,Search
834,835,33.0,78548.22518731888,25.026226249507854,5,112.8835993561714,8.0,71.68,,Sul,Referral
835,836,25.0,86274.98455045765,79.41347257885438,5,176.34906956818764,7.0,,3.0,Oeste,Social Media
836,837,55.0,,14.69749835899691,4,150.37800901970667,10.0,47.78,3.0,Sul,Search
837,838,29.0,58060.62947480708,2.053671543068405,4,197.1469309948617,7.0,45.04,5.0,Centro,Social Media
838,839,41.0,92134.74799706857,0.5802398691867454,6,159.0626974172525,15.0,33.29,3.0,Norte,Referral
839,840,45.0,58693.329833053474,52.609393556352764,4,132.37731341811292,12.0,55.57,5.0,Oeste,Referral
840,841,70.0,82944.26386404531,22.31652232420682,6,257.41484318934795,11.0,54.4,4.0,Oeste,Email
841,842,25.0,,44.78220420855525,4,145.30482156434763,12.0,48.38,5.0,Leste,Direct
842,843,,26831.97994022258,8.01386631732093,5,208.1500484852652,10.0,69.82,,Centro,Email
843,844,53.0,119369.95786619457,12.697437217995681,5,129.9395396727661,7.0,55.66,3.0,Oeste,Social Media
844,845,43.0,52418.07709162055,0.9169889391788163,4,185.47997396917833,10.0,89.76,5.0,Norte,Email
845,846,25.0,124650.01290114057,97.70693087540793,5,196.40078295758434,9.0,,3.0,Centro,Search
846,847,67.0,,33.066675534371605,3,160.42459852877903,14.0,44.13,3.0,Oeste,Email
847,848,45.0,,81.18385096204909,4,32.27585386516989,,,3.0,Norte,Direct
848,849,45.0,88280.5347194826,9.256811766036957,6,150.91262304280565,14.0,86.37,,Leste,Direct
849,850,54.0,,28.361053462856837,6,211.52300238799876,,87.12,3.0,Leste,Social Media
850,851,,,34.04272910043772,1,176.3740416513865,11.0,94.01,4.0,Norte,Referral
851,852,53.0,65211.71315437075,11.461967263944945,3,172.29194376146233,10.0,87.71,4.0,Centro,Direct
852,853,44.0,91048.76270780074,56.537810037245855,4,63.88715330212405,9.0,78.36,4.0,Norte,Social Media
853,854,71.0,69395.51540719607,88.21543455544526,6,113.97724646624707,15.0,,,Norte,Direct
854,855,34.0,58150.21418268488,64.84692292312177,4,170.56788155757195,14.0,,5.0,Leste,Direct
855,856,26.0,,40.30474552154014,3,170.5191638393446,14.0,80.1,5.0,Leste,Referral
856,857,50.0,84035.80445590476,9.749669219898168,14,210.7333390066451,7.0,67.89,,Leste,Search
857,858,70.0,51592.608135572154,9.922532777060516,5,142.75666224269528,9.0,71.43,4.0,Oeste,Social Media
858,859,37.0,101828.30038410265,99.19870455037291,4,170.2912043336907,8.0,,,Oeste,Direct
859,860,,105649.69429521979,0.31013240352235355,5,150.8187120965647,13.0,53.74,5.0,Sul,Direct
860,861,45.0,87976.88812587906,37.768710552729246,5,100.65286317492216,14.0,75.45,5.0,Oeste,Email
861,862,65.0,96222.64994910928,36.75039449902309,7,37.21043344526262,10.0,72.96,5.0,Centro,Search
862,863,46.0,88093.65732747603,29.24060794848985,7,171.55048460650383,11.0,85.39,3.0,Centro,Referral
863,864,30.0,99271.38447512304,138.48343396253915,7,158.69736042064056,5.0,,4.0,Leste,Social Media
864,865,63.0,97396.97721169406,11.213736530573636,2,119.09124789499155,12.0,82.61,3.0,Norte,Direct
865,866,52.0,82016.96642149736,12.464184427621023,5,69.04134717420676,9.0,76.35,4.0,Leste,Social Media
866,867,23.0,110718.118467334,2.466883501347415,3,181.4869757204369,11.0,92.23,4.0,Norte,Referral
867,868,35.0,64847.865503498906,17.544830782799984,7,136.7039962902224,11.0,44.95,,Leste,Search
868,869,68.0,,9.075690747573493,2,177.8437361184073,4.0,68.34,5.0,Leste,Email
869,870,22.0,47334.34177222475,12.619800647181945,6,243.20242652058792,3.0,77.46,4.0,Centro,Search
870,871,64.0,60487.59615296975,53.976538687605796,4,42.92845598401476,,82.77,5.0,Norte,Email
871,872,42.0,24822.534448315495,82.22549950952948,8,115.01995956488182,3.0,,3.0,Sul,Social Media
872,873,19.0,77141.47258224306,6.164011360935212,5,139.53121933440434,9.0,79.35,5.0,Sul,Search
873,874,27.0,,13.980775248865083,1,222.74130870733254,8.0,61.72,5.0,Leste,Search
874,875,73.0,104987.88452491473,79.19656626312225,2,68.17984903967576,7.0,,5.0,Leste,Search
875,876,47.0,,1.91403453390514,3,246.79305128403024,6.0,60.0,5.0,Centro,Referral
876,877,67.0,,2.90724109861164,6,156.79279507831453,2.0,33.12,5.0,Norte,Social Media
877,878,62.0,100464.96820448904,5.3304457636819444,8,145.1999669133071,15.0,56.38,4.0,Leste,Email
878,879,22.0,63905.28546105765,27.131815991111136,4,140.0970118390547,14.0,83.17,3.0,Sul,Search
879,880,72.0,92674.65635074802,4.892240905682365,3,128.18684839099856,16.0,83.4,4.0,Norte,Social Media
880,881,,,103.33227449260133,6,202.40583796345774,8.0,,5.0,Leste,Referral
881,882,50.0,123995.18251446141,17.75643555258266,6,96.57396229587806,8.0,69.56,5.0,Norte,Referral
882,883,71.0,35577.839813365725,20.885631570479674,8,167.2707090821927,8.0,81.58,4.0,Centro,Social Media
883,884,18.0,20000.0,8.497103653711408,6,130.79091671465122,8.0,83.38,3.0,Sul,Email
884,885,35.0,,19.100751383162308,6,111.89332757429511,14.0,61.92,4.0,Norte,Social Media
885,886,49.0,77015.89698191335,32.53361674192307,5,279.2987587841948,9.0,63.48,5.0,Sul,Social Media
886,887,64.0,55247.137349772536,41.73042087202525,4,170.952536737673,15.0,93.79,3.0,Leste,Direct
887,888,66.0,86598.13819656665,42.056629128998146,5,180.6632772330572,9.0,94.48,3.0,Oeste,Referral
888,889,28.0,87689.81876685022,25.87475914314158,5,206.8888390334331,14.0,62.56,4.0,Norte,Email
889,890,38.0,83501.22257126644,70.4148535127522,6,78.93250273407264,13.0,,3.0,Sul,Direct
890,891,43.0,54769.00683813938,51.015008614024936,11,237.6145954561016,15.0,38.71,,Norte,Social Media
891,892,42.0,49815.62688660078,42.446755743652425,8,24.55214107524621,9.0,66.16,3.0,Leste,Referral
892,893,39.0,57557.66213221922,1.7163396164462048,7,111.56167949807397,21.0,78.43,5.0,Leste,Direct
893,894,,,0.20705173264484303,7,127.04841634105497,9.0,92.17,,Sul,Direct
894,895,66.0,112971.40101798599,7.164748827909682,4,179.0861682485253,11.0,98.95,4.0,Centro,Email
895,896,30.0,,32.67681743991994,8,160.93591330707437,10.0,39.97,5.0,Norte,Social Media
896,897,50.0,,15.889933403133178,6,141.65926296508033,7.0,73.45,5.0,Norte,Email
897,898,51.0,,15.445323578404485,2,149.40013276861382,6.0,44.79,5.0,Leste,Direct
898,899,58.0,,64.77711933505304,4,101.09884882387159,7.0,,4.0,Norte,Direct
899,900,52.0,34818.68830673283,67.77509418092686,0,75.13838027579133,10.0,,5.0,Sul,Email
900,901,,,71.9647082447332,6,186.32558111680302,,,,Oeste,Direct
901,902,38.0,78857.30667557326,11.300998080626483,0,184.68530562680928,,95.74,5.0,Leste,Search
902,903,65.0,76462.28118676148,35.23783926451446,7,229.22471875785294,12.0,90.58,4.0,Oeste,Referral
903,904,72.0,,9.508514574311784,9,110.49914515923959,11.0,94.07,3.0,Norte,Social Media
904,905,23.0,66708.22373741503,6.344225856336408,7,184.64076051504614,10.0,51.77,4.0,Centro,Referral
905,906,45.0,20000.0,6.123488844567935,2,135.8146635817634,7.0,42.1,,Sul,Social Media
906,907,34.0,65738.38965176835,12.561417557318084,4,209.5237492596741,14.0,46.86,5.0,Norte,Direct
907,908,22.0,106173.8042970886,16.861337089619663,8,201.0981388339071,8.0,56.16,4.0,Sul,Email
908,909,48.0,118181.06422209833,53.32667538874269,5,160.56046996122282,12.0,57.73,4.0,Norte,Email
909,910,22.0,72912.31434598775,3.831288652494891,5,133.02349216670066,16.0,82.73,3.0,Norte,Direct
910,911,55.0,76590.40276481671,39.832370129616265,6,198.04660893041307,9.0,61.62,3.0,Norte,Social Media
911,912,20.0,91909.18202886269,22.74368842638209,2,182.34522616282828,7.0,62.01,5.0,Leste,Direct
912,913,70.0,116705.72621152067,10.188018138360228,4,115.77797989569086,6.0,87.11,5.0,Oeste,Social Media
913,914,40.0,,20.366654689275805,7,83.61006632602846,6.0,64.34,5.0,Centro,Direct
914,915,,,10.697765697046378,3,135.5733549659102,10.0,60.12,3.0,Oeste,Direct
915,916,70.0,53633.108833471175,27.19629843301548,6,225.77069076741046,8.0,68.81,3.0,Oeste,Direct
916,917,54.0,37427.286345141445,17.06656452358717,2,207.32435793665192,12.0,62.92,4.0,Sul,Email
917,918,27.0,,5.388355986549406,8,94.38362651647097,7.0,64.07,4.0,Leste,Social Media
918,919,27.0,128401.66820017008,3.7187406170670685,10,91.61212920500395,9.0,28.88,3.0,Leste,Direct
919,920,36.0,92159.4727126816,23.73574786618213,5,213.7341924839743,6.0,25.69,5.0,Norte,Referral
920,921,34.0,39202.4504640803,69.81033996742515,4,93.21820476210854,10.0,,4.0,Oeste,Referral
921,922,38.0,,12.645899697587259,4,175.4647661821004,14.0,46.77,3.0,Centro,Email
922,923,31.0,40695.555249518584,39.6152106649448,8,119.19643923318381,,76.31,3.0,Sul,Search
923,924,26.0,82919.19865121352,32.24640601415923,9,230.8522462260841,15.0,71.89,4.0,Leste,Email
924,925,,44649.910361814036,80.45170571921217,7,111.47876004310606,9.0,,5.0,Norte,Search
925,926,,38099.41903249964,51.60790290467959,7,207.16807651029143,10.0,92.11,4.0,Centro,Email
926,927,68.0,137860.4874752911,25.083189720672024,3,159.24293270301823,9.0,50.37,4.0,Oeste,Referral
927,928,62.0,59882.36845158611,32.10341255711684,8,162.60974271171435,14.0,87.7,,Centro,Direct
928,929,30.0,91421.12126567404,68.59735649386299,7,51.484570932429946,10.0,,5.0,Leste,Social Media
929,930,,71334.32234118914,15.300717585848641,2,39.85433233971408,,81.48,5.0,Sul,Direct
930,931,18.0,42288.449718962176,11.871148576550777,5,138.9717029866343,11.0,66.46,4.0,Oeste,Referral
931,932,66.0,62850.73351156881,0.32609844129044147,7,162.3453031708306,,81.09,,Sul,Social Media
932,933,57.0,42470.213806015905,52.556162960267315,6,93.74010861311385,8.0,50.04,4.0,Centro,Search
933,934,49.0,180892.74714348163,48.43060428187554,1,95.56532947618288,13.0,76.95,4.0,Centro,Search
934,935,51.0,98626.31974504102,3.3096680813962696,3,178.07363149130666,13.0,83.01,5.0,Norte,Referral
935,936,45.0,70730.50462711597,25.801379889566388,4,178.14272402285653,7.0,67.02,5.0,Oeste,Social Media
936,937,48.0,89267.50041071365,18.707609198497156,4,143.11294698060365,5.0,65.15,5.0,Centro,Direct
937,938,25.0,95834.00975154365,3.7910252846792094,3,189.01008605930375,4.0,80.28,,Leste,Referral
938,939,56.0,,118.22537316712506,7,91.28988521399268,11.0,,5.0,Leste,Search
939,940,43.0,,7.2505269514859725,9,132.20325414565147,9.0,50.41,4.0,Sul,Referral
940,941,51.0,90981.4960485656,2.0880331956423834,4,232.39388028918367,7.0,82.1,5.0,Leste,Direct
941,942,71.0,73352.66647626503,27.104743263786276,3,153.41610649699086,6.0,69.93,4.0,Centro,Email
942,943,71.0,133147.1690842617,40.28172559497181,4,156.31562572934996,,70.63,3.0,Leste,Email
943,944,20.0,,0.9894420626565912,4,265.297329298387,10.0,66.94,4.0,Oeste,Direct
944,945,67.0,71661.93168263622,32.25135316230092,6,80.03289170756146,8.0,86.84,,Sul,Social Media
945,946,29.0,75768.48802810829,22.79732532564949,3,189.8215183321055,6.0,83.71,4.0,Oeste,Referral
946,947,18.0,78206.28664118725,3.2698469903006497,10,233.19931399040496,7.0,74.35,5.0,Centro,Direct
947,948,71.0,29884.085926641706,5.681250793891747,5,133.7571036750727,,92.89,,Centro,Email
948,949,,,25.17810586663149,5,192.9815393427423,16.0,98.21,3.0,Leste,Search
949,950,22.0,66707.18798601562,10.544550768807909,3,100.89902513945476,7.0,81.44,,Norte,Direct
950,951,47.0,,83.5717890595186,2,115.66338022163242,15.0,,4.0,Norte,Direct
951,952,,70678.98314395847,51.234722412160586,7,169.24832080238173,10.0,88.22,5.0,Centro,Direct
952,953,74.0,77744.83599200942,123.25429013613602,5,189.9283336555295,10.0,,3.0,Centro,Email
953,954,34.0,36591.42773784551,9.019811383631525,4,206.0468256203123,7.0,75.7,,Sul,Email
954,955,,,104.92163493370195,6,228.48142934697466,,,5.0,Centro,Direct
955,956,,120284.46941398882,16.928578449392546,5,146.6276720722409,9.0,71.44,5.0,Centro,Direct
956,957,40.0,89670.9595875447,12.80918835836142,4,209.6805877586294,7.0,94.4,,Sul,Social Media
957,958,32.0,,1.549838556405147,7,132.88475782754256,10.0,82.99,5.0,Oeste,Search
958,959,54.0,,1.6262501023519644,4,195.10456557941342,8.0,96.1,4.0,Oeste,Referral
959,960,38.0,46875.55674707741,35.330761258731116,2,160.37443989260908,10.0,46.5,5.0,Sul,Referral
960,961,31.0,36645.850185314026,18.37074838631457,3,172.2838953540962,5.0,80.71,4.0,Sul,Referral
961,962,19.0,107114.96601853805,7.70572704108454,8,171.17539370110188,10.0,83.0,5.0,Oeste,Email
962,963,28.0,67567.63566559876,28.555229575723153,5,69.7647495101094,14.0,55.53,,Oeste,Email
963,964,,,8.74500529429844,6,93.79390705696133,9.0,59.47,3.0,Oeste,Social Media
964,965,56.0,161885.90940602412,25.856331762621934,2,155.12707199087612,10.0,58.21,4.0,Oeste,Email
965,966,55.0,29760.117387096365,13.351546002569473,3,65.63604601794157,7.0,57.07,4.0,Leste,Direct
966,967,51.0,76158.54582673062,52.04191043638985,3,191.56055515998779,6.0,73.46,5.0,Sul,Search
967,968,,,51.560204587698514,7,193.5777983144071,13.0,94.22,4.0,Norte,Search
968,969,67.0,59044.535647888275,19.465320502253373,5,166.35852764388952,11.0,79.52,,Leste,Search
969,970,51.0,20006.244613405535,12.961316369394499,2,93.94329936210389,10.0,65.95,4.0,Norte,Search
970,971,35.0,,13.508844146189471,2,219.00694694342576,11.0,80.73,4.0,Norte,Referral
971,972,47.0,33254.253030108346,49.15280053095358,7,251.86053198591787,11.0,75.54,5.0,Centro,Referral
972,973,32.0,61710.118350164616,11.932921848889547,8,157.3538413722987,12.0,90.71,4.0,Sul,Direct
973,974,44.0,56991.805543504095,7.0359712682410525,4,175.5267689225618,10.0,58.67,4.0,Leste,Social Media
974,975,68.0,90855.71059011055,2.6547198518604445,4,160.0869327398022,9.0,62.56,5.0,Sul,Email
975,976,,29935.18226222656,18.859747869325282,4,176.51845944993997,9.0,61.2,5.0,Oeste,Email
976,977,69.0,,19.741052593945394,3,144.0220621686802,7.0,65.49,4.0,Sul,Referral
977,978,74.0,76328.88032936973,55.148312793379596,4,148.27178800780985,13.0,57.33,3.0,Norte,Search
978,979,55.0,50665.82366059312,7.501520819663613,6,195.28588002486828,11.0,89.68,5.0,Oeste,Direct
979,980,50.0,84727.08819611053,14.389077267920198,5,267.28120809482203,10.0,86.29,5.0,Sul,Social Media
980,981,41.0,70622.29389423545,49.57126099098757,5,79.99643827991306,9.0,65.94,5.0,Sul,Referral
981,982,32.0,146256.64552267123,52.054049764534696,3,144.80937577985165,6.0,58.15,5.0,Norte,Direct
982,983,47.0,63994.44218926523,14.565024428151293,6,90.9769757383959,,89.69,5.0,Oeste,Direct
983,984,72.0,43356.76685152466,18.436958239092554,4,229.6012449288042,,71.04,5.0,Norte,Referral
984,985,59.0,86450.66400804429,10.841403772519106,2,120.61310153400508,9.0,58.89,5.0,Sul,Direct
985,986,68.0,60337.896662214516,80.89323076193713,5,77.8399603107103,16.0,,3.0,Leste,Search
986,987,,69977.04142188218,3.788801478242008,7,181.90934994242866,14.0,72.2,4.0,Leste,Direct
987,988,22.0,36796.974817915885,81.42933314225876,8,237.21555573715557,13.0,,4.0,Centro,Social Media
988,989,46.0,91472.5420721256,34.54771601700002,0,183.17989342803813,8.0,74.31,3.0,Leste,Direct
989,990,21.0,55846.88414028178,22.7511959109994,5,160.23989386409585,10.0,61.57,5.0,Oeste,Email
990,991,27.0,78973.72910292006,0.9961281451688487,4,170.45704613879968,,91.76,5.0,Centro,Direct
991,992,,162463.6459820505,19.364797954415966,6,220.74203314127774,11.0,67.38,5.0,Oeste,Referral
992,993,34.0,62296.68432642879,15.714697088720092,4,106.29003649929251,,85.47,5.0,Leste,Email
993,994,27.0,96989.67789212469,5.274162223598123,7,144.40764479568435,7.0,78.48,3.0,Leste,Referral
994,995,34.0,64290.34599226241,32.04915116745912,2,127.36549257452333,12.0,80.69,5.0,Sul,Social Media
995,996,37.0,50995.91356688371,106.37030213289114,3,91.60673463541448,10.0,,4.0,Oeste,Search
996,997,41.0,122137.60848938896,24.779026111056705,3,133.58123702915987,11.0,73.51,3.0,Norte,Social Media
997,998,22.0,25264.665923969762,37.63202329574506,5,205.38605479912243,,64.25,3.0,Sul,Email
998,999,51.0,107985.60689866956,2.1271769800895126,6,178.33010741963628,13.0,85.41,5.0,Oeste,Search
999,1000,23.0,23601.396663897358,16.221384682290456,9,182.21552500541003,7.0,83.19,4.0,Centro,Direct
